title,location,price(L),rate_persqft,area_insqft,building_status
3 BHK Apartment,Hitech City,123,6059,2030,Ready to move
Residential Plot,Hitech City,14.4,1777,810,New
Residential Plot,Hitech City,15,1666,900,New
4 BHK Apartment,Hitech City,277,8010,3458,Under Construction
3 BHK Apartment,Hitech City,210,7984,2630,Ready to move
3 BHK Apartment,Hitech City,125,7911,1580,Ready to move
3 BHK Apartment,Hitech City,200,8113,2465,Ready to move
Residential Plot,Hitech City,250,9259,2700,Resale
2 BHK Apartment,Hitech City,30,2870,1045,Under Construction
3 BHK Apartment,Hitech City,200,7155,2795,Ready to move
1 BHK Apartment,Hitech City,25.8,4250,607,Under Construction
2 BHK Apartment,Hitech City,50,4166,1200,Ready to move
3 BHK Apartment,Hitech City,35,2704,1294,Under Construction
2 BHK Apartment,Hitech City,29,3052,950,Under Construction
1 BHK Apartment,Hitech City,21,3230,650,Under Construction
3 BHK Apartment,Hitech City,152,7037,2160,Ready to move
3 BHK Apartment,Hitech City,170,7522,2260,Ready to move
3 BHK Apartment,Hitech City,150,7444,2015,Ready to move
3 BHK Apartment,Hitech City,125,6944,1800,Ready to move
3 BHK Apartment,Hitech City,218,8989,2425,Ready to move
Residential Plot,Hitech City,14,1555,900,New
4 BHK Apartment,Hitech City,325,10000,3250,Ready to move
2 BHK Apartment,Hitech City,85,7083,1200,Ready to move
3 BHK Apartment,Hitech City,165,8461,1950,Ready to move
3 BHK Apartment,Hitech City,112,7088,1580,Ready to move
3 BHK Apartment,Hitech City,178,7772,2290,Under Construction
3 BHK Apartment,Hitech City,178,7739,2300,Under Construction
3 BHK Apartment,Hitech City,163,7970,2045,Under Construction
3 BHK Apartment,Hitech City,155,7828,1980,Under Construction
3 BHK Apartment,Hitech City,179,7955,2250,Under Construction
3 BHK Apartment,Hitech City,148,7851,1885,Under Construction
4 BHK Apartment,Hitech City,241,8128,2965,Under Construction
3 BHK Apartment,Hitech City,183,8097,2260,Under Construction
3 BHK Apartment,Hitech City,146,7724,1890,Under Construction
3 BHK Apartment,Hitech City,153,7806,1960,Under Construction
3 BHK Apartment,Hitech City,155,8010,1935,Under Construction
4 BHK Apartment,Hitech City,223,7797,2860,Under Construction
3 BHK Apartment,Hitech City,147,7860,1870,Under Construction
3 BHK Apartment,Hitech City,172,7818,2200,Under Construction
3 BHK Apartment,Hitech City,178,8109,2195,Under Construction
3 BHK Apartment,Hitech City,215,8958,2400,Ready to move
2 BHK Apartment,Hitech City,81,6923,1170,Ready to move
4 BHK Apartment,Hitech City,230,7416,3101,Ready to move
4 BHK Apartment,Hitech City,236,7499,3147,Ready to move
4 BHK Apartment,Hitech City,230,7443,3090,Ready to move
4 BHK Apartment,Hitech City,230,7555,3044,Ready to move
4 BHK Apartment,Hitech City,189,7012,2695,Ready to move
3 BHK Apartment,Hitech City,155,7175,2160,Ready to move
3 BHK Apartment,Hitech City,190,7600,2500,Ready to move
3 BHK Apartment,Hitech City,124,6349,1960,Under Construction
3 BHK Apartment,Hitech City,133,6500,2050,Ready to move
3 BHK Apartment,Hitech City,195,8297,2350,Ready to move
3 BHK Apartment,Hitech City,140,6481,2160,Ready to move
4 BHK Apartment,Hitech City,181,6349,2860,Under Construction
3 BHK Apartment,Hitech City,143,6349,2260,Under Construction
4 BHK Apartment,Hitech City,188,6349,2965,Under Construction
3 BHK Apartment,Hitech City,118,6349,1870,Under Construction
3 BHK Apartment,Hitech City,119,6349,1885,Under Construction
3 BHK Apartment,Hitech City,119,6348,1885,Under Construction
3 BHK Apartment,Hitech City,119,6349,1890,Under Construction
3 BHK Apartment,Hitech City,110,6666,1650,Under Construction
3 BHK Apartment,Hitech City,147,6500,2275,Ready to move
3 BHK Apartment,Hitech City,129,6349,2045,Under Construction
3 BHK Apartment,Hitech City,295,11368,2595,Under Construction
4 BHK Apartment,Hitech City,426,10466,4070,Under Construction
4 BHK Apartment,Hitech City,290,8290,3498,Ready to move
4 BHK Apartment,Hitech City,256,8446,3031,Ready to move
4 BHK Apartment,Hitech City,450,13918,3233,Ready to move
Residential Plot,Hitech City,15,1149,1305,New
2 BHK Apartment,Hitech City,94,7768,1210,Under Construction
3 BHK Apartment,Hitech City,149,6898,2160,Under Construction
Residential Plot,Hitech City,4.5,100,4500,New
4 BHK Apartment,Hitech City,282,8061,3500,Ready to move
4 BHK Villa,Hitech City,523,11640,4500,Ready to move
3 BHK Apartment,Hitech City,110,6962,1580,Ready to move
3 BHK Apartment,Hitech City,204,7885,2595,Ready to move
3 BHK Apartment,Hitech City,100,6329,1580,Under Construction
3 BHK Apartment,Hitech City,360,10495,3430,Ready to move
4 BHK Apartment,Hitech City,414,10171,4070,Under Construction
4 BHK Apartment,Hitech City,276,8004,3448,Under Construction
4 BHK Apartment,Hitech City,291,8328,3494,Under Construction
4 BHK Apartment,Hitech City,358,10437,3430,Ready to move
3 BHK Apartment,Hitech City,139,6349,2200,Under Construction
4 BHK Apartment,Hitech City,170,7555,2250,Ready to move
3 BHK Apartment,Hitech City,205,7899,2595,Ready to move
3 BHK Apartment,Hitech City,200,8000,2500,Ready to move
4 BHK Apartment,Hitech City,230,8300,2049,Ready to move
4 BHK Apartment,Hitech City,290,8300,3494,Ready to move
4 BHK Apartment,Hitech City,261,8300,3147,Ready to move
4 BHK Apartment,Hitech City,256,8300,3090,Ready to move
4 BHK Apartment,Hitech City,252,8300,3044,Ready to move
3 BHK Apartment,Hitech City,170,8300,2051,Ready to move
2 BHK Apartment,Hitech City,110,8300,1336,Ready to move
4 BHK Apartment,Hitech City,290,8300,3498,Ready to move
4 BHK Apartment,Hitech City,257,8300,3101,Ready to move
4 BHK Apartment,Hitech City,253,8300,3049,Ready to move
4 BHK Apartment,Hitech City,251,8300,3031,Ready to move
3 BHK Apartment,Hitech City,144,8300,1738,Ready to move
2 BHK Apartment,Hitech City,112,8300,1355,Ready to move
2 BHK Apartment,Hitech City,110,8300,1334,Ready to move
2 BHK Apartment,Hitech City,111,8300,1346,Ready to move
2 BHK Apartment,Hitech City,110,8300,1327,Ready to move
4 BHK Apartment,Hitech City,260,8578,3031,Ready to move
4 BHK Apartment,Hitech City,250,7668,3260,Ready to move
4 BHK Apartment,Hitech City,240,7361,3260,Ready to move
3 BHK Apartment,Hitech City,220,10726,2051,Ready to move
2 BHK Apartment,Hitech City,130,9796,1327,Ready to move
2 BHK Apartment,Hitech City,120,9042,1327,Ready to move
2 BHK Apartment,Hitech City,100,8264,1210,Under Construction
4 BHK Apartment,Hitech City,262,8325,3147,Ready to move
3 BHK Apartment,Hitech City,190,9263,2051,Ready to move
4 BHK Apartment,Hitech City,331,10920,3031,Ready to move
4 BHK Apartment,Hitech City,241,6349,2965,Under Construction
4 BHK Apartment,Hitech City,223,6349,2860,Under Construction
3 BHK Apartment,Hitech City,178,6349,2290,Under Construction
3 BHK Apartment,Hitech City,178,6349,2300,Under Construction
3 BHK Apartment,Hitech City,179,6349,2250,Under Construction
3 BHK Apartment,Hitech City,183,6349,2260,Under Construction
3 BHK Apartment,Hitech City,148,6349,1885,Under Construction
3 BHK Apartment,Hitech City,155,6349,1935,Under Construction
3 BHK Apartment,Hitech City,178,6349,2195,Under Construction
3 BHK Apartment,Hitech City,172,6349,2200,Under Construction
3 BHK Apartment,Hitech City,155,6349,1980,Under Construction
3 BHK Apartment,Hitech City,146,6349,1890,Under Construction
3 BHK Apartment,Hitech City,153,6349,1960,Under Construction
3 BHK Apartment,Hitech City,163,6349,2045,Under Construction
3 BHK Apartment,Hitech City,147,6349,1870,Under Construction
3 BHK Apartment,Hitech City,181,6100,2340,Under Construction
3 BHK Apartment,Hitech City,136,6100,2230,Under Construction
3 BHK Apartment,Hitech City,135,6100,2220,Under Construction
3 BHK Apartment,Hitech City,122,6100,2000,Under Construction
3 BHK Apartment,Hitech City,115,6100,1900,Under Construction
3 BHK Apartment,Hitech City,100,6100,1650,Under Construction
3 BHK Apartment,Hitech City,96.38,6100,1580,Under Construction
2 BHK Apartment,Hitech City,86,6100,1210,Under Construction
2 BHK Apartment,Hitech City,70.76,6100,1160,Under Construction
2 BHK Apartment,Hitech City,100,6100,1450,Under Construction
2 BHK Apartment,Hitech City,85.4,6100,1400,Under Construction
3 BHK Apartment,Hitech City,109,6100,1800,Under Construction
3 BHK Apartment,Hitech City,97.6,6100,1600,Under Construction
2 BHK Apartment,Hitech City,76.25,6100,1250,Under Construction
2 BHK Apartment,Hitech City,73.2,6100,1200,Under Construction
3 BHK Apartment,Hitech City,120,6100,1550,Under Construction
2 BHK Apartment,Hitech City,73.74,5899,1250,Under Construction
4 BHK Apartment,Hitech City,206,5885,3500,Under Construction
3 BHK Apartment,Hitech City,165,5903,2795,Under Construction
3 BHK Apartment,Hitech City,127,5879,2160,Under Construction
2 BHK Apartment,Hitech City,101,8347,1210,Under Construction
3 BHK Apartment,Hitech City,134,8645,1550,Under Construction
3 BHK Apartment,Hitech City,170,7264,2340,Under Construction
4 BHK Villa,Hitech City,170,6296,2700,Ready to move
2 BHK Apartment,Hitech City,25,2941,850,Under Construction
2 BHK Apartment,Hitech City,20,3076,650,Under Construction
2 BHK Apartment,Hitech City,25.1,2952,850,Under Construction
2 BHK Apartment,Hitech City,24,2884,832,Under Construction
3 BHK Apartment,Hitech City,31,2818,1100,Under Construction
3 BHK Apartment,Hitech City,31.2,2836,1100,Under Construction
2 BHK Apartment,Hitech City,80,8080,990,Under Construction
2 BHK Apartment,Hitech City,28.4,2717,1045,Under Construction
4 BHK Apartment,Hitech City,228,7319,3115,Ready to move
2 BHK Apartment,Hitech City,39,3391,1150,Ready to move
2 BHK Apartment,Hitech City,29,2775,1045,Under Construction
4 BHK Apartment,Hitech City,240,7918,3031,Ready to move
4 BHK Apartment,Hitech City,270,7718,3498,Ready to move
4 BHK Apartment,Hitech City,290,8302,3493,Ready to move
3 BHK Apartment,Hitech City,118,6500,1825,Ready to move
5 BHK Apartment,Gachibowli,420,10130,4146,Ready to move
3 BHK Apartment,Gachibowli,137,7899,1742,Ready to move
8 BHK Apartment,Gachibowli,675,7941,8500,Under Construction
2 BHK Independent House,Gachibowli,90,4090,2200,Ready to move
9 BHK Independent House,Gachibowli,200,4444,4500,Ready to move
3 BHK Apartment,Gachibowli,110,5729,1920,Ready to move
3 BHK Apartment,Gachibowli,150,8875,1690,Ready to move
2 BHK Villa,Gachibowli,65,5416,1200,Under Construction
3 BHK Apartment,Gachibowli,185,9167,2018,Ready to move
2 BHK Apartment,Gachibowli,33,2200,1500,Under Construction
2 BHK Apartment,Gachibowli,30,2870,1045,Under Construction
3 BHK Apartment,Gachibowli,150,8620,1740,Ready to move
1 RK Studio Apartment,Gachibowli,78,10263,760,Under Construction
3 BHK Apartment,Gachibowli,101,6000,1687,Under Construction
5 BHK Villa,Gachibowli,600,15000,4000,Ready to move
4 BHK Apartment,Gachibowli,177,6485,2729,Under Construction
4 BHK Apartment,Gachibowli,194,6811,2848,Under Construction
2 BHK Apartment,Gachibowli,99.08,6640,1492,Under Construction
2 BHK Apartment,Gachibowli,81.26,6333,1283,Under Construction
2 BHK Apartment,Gachibowli,91.1,6460,1410,Under Construction
3 BHK Apartment,Gachibowli,112,6000,1874,Under Construction
3 BHK Apartment,Gachibowli,129,6000,2150,Under Construction
Residential Plot,Gachibowli,15,1666,900,New
2 BHK Apartment,Gachibowli,98,8789,1115,Ready to move
2 BHK Villa,Gachibowli,399,11764,3400,Ready to move
2 BHK Apartment,Gachibowli,52,5236,993,Under Construction
3 BHK Apartment,Gachibowli,110,7096,1550,Ready to move
3 BHK Apartment,Gachibowli,179,8287,2160,Ready to move
2 BHK Apartment,Gachibowli,29,3052,950,Under Construction
2 BHK Apartment,Gachibowli,50,5035,993,Under Construction
2 BHK Apartment,Gachibowli,52,4031,1290,Under Construction
2 BHK Apartment,Gachibowli,46,4632,993,Under Construction
3 BHK Apartment,Gachibowli,195,8245,2365,Ready to move
3 BHK Apartment,Gachibowli,180,8333,2160,Ready to move
2 BHK Apartment,Gachibowli,81,4801,1687,Under Construction
3 BHK Apartment,Gachibowli,81,4801,1687,Under Construction
2 BHK Apartment,Gachibowli,51,3849,1325,Ready to move
2 BHK Apartment,Gachibowli,74,5826,1270,Ready to move
3 BHK Apartment,Gachibowli,195,9027,2160,Ready to move
1 BHK Apartment,Gachibowli,25.8,4250,607,Under Construction
4 BHK Apartment,Gachibowli,292,8503,3434,Ready to move
2 BHK Apartment,Gachibowli,31,2966,1045,Under Construction
3 BHK Apartment,Gachibowli,114,6651,1727,Under Construction
3 BHK Apartment,Gachibowli,175,7709,2270,Under Construction
3 BHK Apartment,Gachibowli,176,8830,1993,Ready to move
3 BHK Apartment,Gachibowli,130,6417,2036,Under Construction
3 BHK Apartment,Gachibowli,101,6528,1553,Under Construction
3 BHK Apartment,Gachibowli,150,7792,1925,Under Construction
5 BHK Villa,Gachibowli,750,16666,4500,Ready to move
1 BHK Apartment,Gachibowli,21,3230,650,Under Construction
2 BHK Apartment,Gachibowli,96,6956,1380,Ready to move
3 BHK Apartment,Gachibowli,35,2704,1294,Under Construction
3 BHK Apartment,Gachibowli,95,5391,1762,Under Construction
4 BHK Apartment,Gachibowli,250,7004,3569,Under Construction
3 BHK Apartment,Gachibowli,95,4418,2150,Ready to move
3 BHK Apartment,Gachibowli,97,5749,1687,Under Construction
3 BHK Apartment,Gachibowli,90,6554,1373,Under Construction
3 BHK Apartment,Gachibowli,120,6486,1850,Ready to move
3 BHK Apartment,Gachibowli,129,6976,1849,Under Construction
3 BHK Independent House,Gachibowli,127,6981,1833,Under Construction
3 BHK Apartment,Gachibowli,104,5600,1874,Under Construction
Residential Plot,Gachibowli,14,1555,900,New
Residential Plot,Gachibowli,49,22272,220,Resale
Residential Plot,Gachibowli,29,18125,160,Resale
Residential Plot,Gachibowli,38,16521,230,Resale
Residential Plot,Gachibowli,28,15555,180,Resale
Residential Plot,Gachibowli,40,13333,300,Resale
2 BHK Apartment,Gachibowli,98,7638,1283,Under Construction
Residential Plot,Gachibowli,46,25555,180,Resale
2 BHK Apartment,Gachibowli,95,8482,1120,Ready to move
4 BHK Villa,Gachibowli,350,8780,3986,Ready to move
5 BHK Villa,Gachibowli,500,8386,5962,Ready to move
Residential Plot,Gachibowli,89,3189,2790,Resale
3 BHK Apartment,Gachibowli,127,6978,1833,Under Construction
3 BHK Apartment,Gachibowli,95.82,6978,1373,Under Construction
3 BHK Apartment,Gachibowli,101,6980,1450,Under Construction
3 BHK Independent House,Gachibowli,131,6982,1884,Under Construction
4 BHK Apartment,Gachibowli,225,8244,2729,Under Construction
2 BHK Apartment,Gachibowli,52.87,4099,1290,Under Construction
3 BHK Apartment,Gachibowli,125,6756,1850,Ready to move
Residential Plot,Gachibowli,3.6,200,1800,Resale
3 BHK Apartment,Gachibowli,135,6290,2150,Ready to move
3 BHK Independent House,Gachibowli,145,10145,1432,Under Construction
3 BHK Apartment,Gachibowli,78.7,5495,1432,Under Construction
3 BHK Apartment,Gachibowli,120,5600,2150,Under Construction
3 BHK Apartment,Gachibowli,118,5500,2150,Under Construction
3 BHK Independent House,Gachibowli,102,7049,1450,Under Construction
3 BHK Apartment,Gachibowli,105,5833,1800,Ready to move
3 BHK Apartment,Gachibowli,100,5882,1700,Ready to move
3 BHK Apartment,Gachibowli,85,5322,1597,Under Construction
3 BHK Apartment,Gachibowli,325,9425,3448,Ready to move
3 BHK Independent Floor,Gachibowli,225,8364,2690,Ready to move
2 BHK Apartment,Gachibowli,106,8261,1283,Under Construction
3 BHK Apartment,Gachibowli,110,6875,1600,Ready to move
3 BHK Apartment,Gachibowli,110,7857,1400,Ready to move
3 BHK Apartment,Gachibowli,78,3795,2055,Ready to move
3 BHK Apartment,Gachibowli,103,6358,1621,Under Construction
3 BHK Apartment,Gachibowli,98.56,6391,1542,Under Construction
3 BHK Apartment,Gachibowli,92.78,6398,1450,Under Construction
3 BHK Apartment,Gachibowli,92.01,6204,1483,Under Construction
3 BHK Apartment,Gachibowli,87.83,6397,1373,Under Construction
4 BHK Villa,Gachibowli,615,14642,4200,Ready to move
3 BHK Apartment,Gachibowli,105,7342,1430,Ready to move
3 BHK Apartment,Gachibowli,103,6397,1611,Under Construction
3 BHK Apartment,Gachibowli,98.56,6395,1541,Under Construction
3 BHK Apartment,Gachibowli,80,5586,1432,Under Construction
3 BHK Apartment,Gachibowli,121,6398,1898,Under Construction
3 BHK Apartment,Gachibowli,118,6391,1850,Under Construction
3 BHK Apartment,Gachibowli,320,10062,3180,Ready to move
4 BHK Apartment,Gachibowli,265,7716,3434,Ready to move
3 BHK Apartment,Gachibowli,340,10691,3180,Ready to move
4 BHK Apartment,Gachibowli,348,10145,3430,Ready to move
3 BHK Apartment,Gachibowli,96.2,6872,1400,Under Construction
Residential Plot,Gachibowli,250,5555,4500,New
3 BHK Apartment,Gachibowli,116,5400,2150,Under Construction
Residential Plot,Gachibowli,15,15000,100,New
2 BHK Apartment,Gachibowli,90.6,6344,1428,Ready to move
3 BHK Apartment,Gachibowli,88.55,5249,1687,Under Construction
3 BHK Apartment,Gachibowli,85.66,5078,1687,Under Construction
3 BHK Apartment,Gachibowli,86.55,5130,1687,Under Construction
3 BHK Apartment,Gachibowli,130,6341,2050,Ready to move
3 BHK Apartment,Gachibowli,179,6992,2560,Ready to move
4 BHK Apartment,Gachibowli,293,8500,3448,Under Construction
4 BHK Villa,Gachibowli,925,18179,5091,Under Construction
4 BHK Apartment,Gachibowli,242,7907,3069,Under Construction
Residential Plot,Gachibowli,100,1111,9000,New
10 BHK Independent House,Gachibowli,310,6200,5000,Ready to move
2 BHK Apartment,Gachibowli,46.42,3599,1290,Under Construction
Residential Plot,Gachibowli,118,1111,10620,New
3 BHK Apartment,Gachibowli,210,8879,2365,Ready to move
Residential Plot,Gachibowli,120,1111,10800,New
4 BHK Villa,Gachibowli,250,7290,3429,Under Construction
Residential Plot,Gachibowli,108,1111,9720,New
Residential Plot,Gachibowli,500,5555,9000,New
Residential Plot,Gachibowli,112,3336,3357,Resale
Residential Plot,Gachibowli,15,1149,1305,New
3 BHK Apartment,Gachibowli,198,9201,2160,Ready to move
Residential Plot,Gachibowli,48,2666,1800,New
4 BHK Villa,Gachibowli,600,15000,4000,Ready to move
3 BHK Apartment,Gachibowli,94.99,5631,1687,Under Construction
4 BHK Apartment,Gachibowli,725,10876,6666,Under Construction
3 BHK Apartment,Gachibowli,100,5600,1792,Under Construction
3 BHK Apartment,Gachibowli,120,6396,1884,Under Construction
5 BHK Villa,Gachibowli,1500,32051,4680,Ready to move
9 BHK Independent House,Gachibowli,220,5945,3700,Ready to move
4 BHK Apartment,Gachibowli,212,6996,3030,Under Construction
3 BHK Apartment,Gachibowli,100,5159,1945,Under Construction
5 BHK Apartment,Gachibowli,514,9302,5533,Under Construction
3 BHK Apartment,Gachibowli,117,6397,1833,Under Construction
4 BHK Apartment,Gachibowli,424,9303,4560,Under Construction
4 BHK Apartment,Gachibowli,266,7908,3374,Under Construction
4 BHK Villa,Gachibowli,476,9302,5127,Under Construction
3 BHK Apartment,Gachibowli,118,6230,1898,Under Construction
3 BHK Apartment,Gachibowli,103,6246,1650,Under Construction
3 BHK Apartment,Gachibowli,128,6976,1849,Ready to move
4 BHK Villa,Gachibowli,255,7348,3470,Under Construction
3 BHK Apartment,Gachibowli,100,5927,1687,Under Construction
3 BHK Apartment,Gachibowli,92.78,6355,1460,Under Construction
Residential Plot,Gachibowli,104,1111,9360,New
Residential Plot,Gachibowli,106,1111,9540,New
3 BHK Apartment,Gachibowli,103,6393,1612,Under Construction
3 BHK Apartment,Gachibowli,132,6794,1950,Under Construction
3 BHK Apartment,Gachibowli,82.65,6612,1250,Under Construction
3 BHK Apartment,Gachibowli,118,6395,1849,Under Construction
3 BHK Apartment,Gachibowli,118,6360,1859,Under Construction
5 BHK Apartment,Gachibowli,342,7908,4330,Under Construction
3 BHK Apartment,Gachibowli,117,6372,1840,Under Construction
4 BHK Apartment,Gachibowli,395,9303,4252,Under Construction
5 BHK Villa,Gachibowli,509,9302,5479,Under Construction
2 BHK Apartment,Gachibowli,86,6771,1270,Ready to move
2 BHK Apartment,Gachibowli,78.76,5268,1495,Under Construction
5 BHK Villa,Gachibowli,660,13758,4797,Ready to move
3 BHK Apartment,Gachibowli,88.83,6470,1373,Under Construction
Residential Plot,Gachibowli,4.5,100,4500,New
3 BHK Apartment,Gachibowli,118,5500,2150,Ready to move
3 BHK Apartment,Gachibowli,103,6147,1687,Under Construction
Residential Plot,Gachibowli,150,5555,2700,New
3 BHK Apartment,Gachibowli,367,7500,4905,Under Construction
3 BHK Apartment,Gachibowli,130,6046,2150,Under Construction
Residential Plot,Gachibowli,1000,5555,18000,New
4 BHK Apartment,Gachibowli,352,8500,4146,Under Construction
4 BHK Villa,Gachibowli,675,16071,4200,Ready to move
4 BHK Villa,Gachibowli,670,15952,4200,Ready to move
5 BHK Villa,Gachibowli,620,15500,4000,Ready to move
2 BHK Apartment,Gachibowli,105,5611,1871,Ready to move
3 BHK Apartment,Gachibowli,87.83,5500,1597,Under Construction
4 BHK Apartment,Gachibowli,392,8858,4430,Under Construction
3 BHK Apartment,Gachibowli,86,5591,1538,Ready to move
5 BHK Apartment,Gachibowli,360,8333,4320,Ready to move
3 BHK Apartment,Gachibowli,133,7216,1850,Ready to move
3 BHK Apartment,Gachibowli,91.43,5725,1597,Under Construction
Residential Plot,Gachibowli,110,1111,9900,New
3 BHK Apartment,Gachibowli,159,8719,1835,Under Construction
Residential Plot,Gachibowli,102,1111,9180,New
Residential Plot,Gachibowli,150,1111,13500,New
Residential Plot,Gachibowli,112,1111,10080,New
Residential Plot,Gachibowli,114,1111,10260,New
Residential Plot,Gachibowli,116,1111,10440,New
3 BHK Apartment,Gachibowli,166,6504,2552,Under Construction
Residential Plot,Gachibowli,122,1111,10980,New
3 BHK Apartment,Gachibowli,160,8719,1835,Ready to move
3 BHK Apartment,Gachibowli,103,6168,1671,Under Construction
3 BHK Apartment,Gachibowli,99.45,6453,1541,Under Construction
Residential Plot,Gachibowli,349,5555,6300,New
2 BHK Apartment,Gachibowli,29.99,3333,900,Ready to move
Residential Plot,Gachibowli,399,5555,7200,New
Residential Plot,Gachibowli,174,5555,3150,New
Residential Plot,Gachibowli,200,1111,18000,New
3 BHK Apartment,Gachibowli,293,8500,3448,Under Construction
3 BHK Apartment,Gachibowli,92.78,6185,1500,Under Construction
3 BHK Apartment,Gachibowli,242,7907,3069,Under Construction
2 BHK Apartment,Gachibowli,75,6250,1200,Ready to move
Residential Plot,Gachibowli,399,22222,1800,Resale
3 BHK Apartment,Gachibowli,103,6160,1673,Under Construction
4 BHK Villa,Gachibowli,244,7790,3140,Ready to move
4 BHK Independent House,Gachibowli,353,7354,4800,Ready to move
3 BHK Apartment,Gachibowli,87,5447,1597,Under Construction
3 BHK Apartment,Gachibowli,104,6000,1735,Ready to move
Residential Plot,Gachibowli,300,18214,1647,Resale
3 BHK Apartment,Gachibowli,95,5631,1687,Under Construction
Residential Plot,Gachibowli,100,5555,1800,New
Residential Plot,Gachibowli,200,5555,3600,New
3 BHK Apartment,Gachibowli,199,8510,2350,Ready to move
3 BHK Independent Floor,Gachibowli,129,6976,1849,Under Construction
4 BHK Apartment,Gachibowli,265,7425,3569,Under Construction
4 BHK Villa,Gachibowli,329,7152,4600,Under Construction
4 BHK Apartment,Gachibowli,300,8700,3448,Ready to move
2 BHK Apartment,Gachibowli,92,7170,1283,Under Construction
3 BHK Apartment,Gachibowli,98.56,6877,1433,Under Construction
3 BHK Apartment,Gachibowli,95,5948,1597,Under Construction
3 BHK Apartment,Gachibowli,90,5635,1597,Ready to move
3 BHK Apartment,Gachibowli,138,6418,2150,Ready to move
3 BHK Apartment,Gachibowli,102,6046,1687,Under Construction
3 BHK Apartment,Gachibowli,120,5476,2191,Under Construction
Residential Plot,Gachibowli,999,5555,18000,New
Residential Plot,Gachibowli,199,5555,3600,New
2 BHK Apartment,Gachibowli,80,7142,1120,Under Construction
3 BHK Apartment,Gachibowli,92.61,4200,2205,Under Construction
3 BHK Apartment,Gachibowli,111,4200,2655,Under Construction
3 BHK Apartment,Gachibowli,122,4200,2920,Under Construction
3 BHK Apartment,Gachibowli,102,4200,2435,Under Construction
3 BHK Apartment,Gachibowli,83.16,4200,1980,Under Construction
3 BHK Apartment,Gachibowli,97.02,4200,2310,Under Construction
3 BHK Apartment,Gachibowli,124,4200,2955,Under Construction
3 BHK Apartment,Gachibowli,79.8,4200,1900,Under Construction
3 BHK Apartment,Gachibowli,95.76,4200,2280,Under Construction
3 BHK Apartment,Gachibowli,82,6666,1230,Under Construction
3 BHK Apartment,Gachibowli,82,6078,1349,Under Construction
4 BHK Apartment,Gachibowli,200,6371,3139,Under Construction
3 BHK Apartment,Gachibowli,96.76,6752,1433,Under Construction
2 BHK Apartment,Gachibowli,110,5405,2035,Ready to move
Residential Plot,Gachibowli,212,17773,1197,New
4 BHK Villa,Gachibowli,462,9303,4973,Under Construction
3 BHK Apartment,Gachibowli,98.56,6313,1561,Under Construction
3 BHK Apartment,Gachibowli,86.01,6002,1433,Under Construction
3 BHK Apartment,Gachibowli,80.3,6001,1338,Under Construction
3 BHK Apartment,Gachibowli,65,3631,1790,Under Construction
3 BHK Apartment,Gachibowli,191,7273,2626,Under Construction
4 BHK Villa,Gachibowli,351,7630,4600,Under Construction
3 BHK Apartment,Gachibowli,194,9027,2160,Under Construction
3 BHK Apartment,Gachibowli,195,9028,2160,Ready to move
2 BHK Independent Floor,Gachibowli,48,4800,1000,Under Construction
4 BHK Apartment,Gachibowli,270,7830,3448,Ready to move
4 BHK Apartment,Gachibowli,269,8037,3347,Ready to move
3 BHK Apartment,Gachibowli,248,6100,4069,Under Construction
4 BHK Apartment,Gachibowli,230,6100,2729,Under Construction
3 BHK Apartment,Gachibowli,121,6100,1993,Under Construction
4 BHK Apartment,Gachibowli,240,6100,2848,Under Construction
3 BHK Apartment,Gachibowli,248,6100,4070,Under Construction
4 BHK Apartment,Gachibowli,165,6100,2713,Under Construction
3 BHK Apartment,Gachibowli,117,6100,1919,Under Construction
2 BHK Apartment,Gachibowli,118,6100,1492,Under Construction
2 BHK Apartment,Gachibowli,86.01,6100,1410,Under Construction
3 BHK Apartment,Gachibowli,106,6100,1742,Under Construction
2 BHK Apartment,Gachibowli,97,6100,1283,Under Construction
3 BHK Apartment,Gachibowli,65,5793,1122,Under Construction
3 BHK Apartment,Gachibowli,120,7552,1597,Ready to move
Residential Plot,Gachibowli,40,2222,1800,New
2 BHK Apartment,Gachibowli,90,7014,1283,Under Construction
Residential Plot,Gachibowli,125,2777,4500,New
3 BHK Apartment,Gachibowli,92.01,5500,1673,Under Construction
3 BHK Apartment,Gachibowli,100,4528,2208,Under Construction
3 BHK Apartment,Gachibowli,95,7068,1344,Ready to move
Residential Plot,Gachibowli,210,7777,2700,Resale
2 BHK Apartment,Gachibowli,53.85,4800,1122,Under Construction
3 BHK Apartment,Gachibowli,67.77,4800,1412,Ready to move
3 BHK Apartment,Gachibowli,71.6,5000,1432,Under Construction
3 BHK Apartment,Gachibowli,107,5000,2150,Under Construction
3 BHK Apartment,Gachibowli,86.99,5200,1673,Under Construction
3 BHK Apartment,Gachibowli,83.04,5200,1597,Under Construction
Residential Plot,Gachibowli,350,5555,6300,New
Residential Plot,Gachibowli,300,5555,5400,New
Residential Plot,Gachibowli,400,5555,7200,New
3 BHK Apartment,Gachibowli,74.46,5200,1432,Under Construction
3 BHK Apartment,Gachibowli,110,5200,2132,Under Construction
3 BHK Apartment,Gachibowli,74.46,5200,1432,Ready to move
3 BHK Apartment,Gachibowli,77.32,5400,1432,Under Construction
2 BHK Apartment,Gachibowli,67.71,5400,1254,Under Construction
2 BHK Apartment,Gachibowli,52.73,4700,1122,Ready to move
3 BHK Apartment,Gachibowli,87.82,5499,1597,Under Construction
2 BHK Apartment,Gachibowli,60.58,5400,1122,Under Construction
3 BHK Apartment,Gachibowli,83.05,5400,1538,Under Construction
2 BHK Apartment,Gachibowli,61.71,5500,1122,Under Construction
3 BHK Apartment,Gachibowli,86.23,5400,1597,Under Construction
3 BHK Apartment,Gachibowli,103,5500,1874,Under Construction
3 BHK Apartment,Gachibowli,101,5400,1874,Under Construction
3 BHK Apartment,Gachibowli,91.09,5400,1687,Under Construction
3 BHK Apartment,Gachibowli,96.76,5400,1792,Under Construction
3 BHK Apartment,Gachibowli,93.65,6073,1542,Under Construction
3 BHK Apartment,Gachibowli,85.79,5578,1538,Under Construction
2 BHK Apartment,Gachibowli,62.83,5600,1122,Under Construction
2 BHK Apartment,Gachibowli,62.83,5600,1122,Ready to move
2 BHK Apartment,Gachibowli,70.22,5600,1254,Under Construction
3 BHK Apartment,Gachibowli,75.26,5600,1344,Under Construction
3 BHK Apartment,Gachibowli,94.47,5600,1687,Under Construction
3 BHK Apartment,Gachibowli,88,5510,1597,Under Construction
3 BHK Apartment,Gachibowli,94.47,6515,1450,Under Construction
4 BHK Apartment,Gachibowli,325,6453,5036,Ready to move
Residential Plot,Gachibowli,450,5555,8100,New
Residential Plot,Gachibowli,125,5555,2250,New
Residential Plot,Gachibowli,2500,5555,45000,New
Residential Plot,Gachibowli,2000,5555,36000,New
3 BHK Apartment,Gachibowli,93.33,5532,1687,Under Construction
2 BHK Apartment,Gachibowli,72,5741,1254,Under Construction
3 BHK Apartment,Gachibowli,140,7526,1860,Under Construction
3 BHK Apartment,Gachibowli,121,6000,2030,Ready to move
3 BHK Apartment,Gachibowli,95,5135,1850,Under Construction
3 BHK Apartment,Gachibowli,100,6410,1560,Ready to move
1 BHK Apartment,Gachibowli,28,4666,600,Ready to move
3 BHK Independent Floor,Gachibowli,105,5900,1792,Under Construction
3 BHK Apartment,Gachibowli,77.66,5500,1412,Under Construction
3 BHK Apartment,Gachibowli,108,5800,1874,Under Construction
3 BHK Independent Floor,Gachibowli,146,6800,2150,Ready to move
3 BHK Apartment,Gachibowli,89,5275,1687,Under Construction
2 BHK Apartment,Gachibowli,73.76,9231,799,Under Construction
2 BHK Apartment,Gachibowli,85.01,6626,1283,Under Construction
5 BHK Apartment,Gachibowli,460,11081,4151,Ready to move
4 BHK Apartment,Gachibowli,192,6741,2848,Under Construction
3 BHK Apartment,Gachibowli,98,5229,1874,Under Construction
3 BHK Apartment,Gachibowli,95,5678,1673,Under Construction
3 BHK Apartment,Gachibowli,90,5635,1597,Under Construction
4 BHK Villa,Gachibowli,312,6800,4600,Under Construction
3 BHK Apartment,Gachibowli,92.78,5500,1687,Under Construction
3 BHK Apartment,Gachibowli,119,6400,1874,Ready to move
2 BHK Apartment,Gachibowli,63.95,5700,1122,Under Construction
7 BHK Apartment,Gachibowli,600,11314,5303,Under Construction
3 BHK Apartment,Gachibowli,98.56,5500,1792,Under Construction
3 BHK Apartment,Gachibowli,137,6400,2150,Ready to move
3 BHK Apartment,Gachibowli,95.82,6000,1597,Under Construction
3 BHK Apartment,Gachibowli,92.56,5532,1673,Ready to move
2 BHK Apartment,Gachibowli,92.78,5500,1687,Under Construction
Residential Plot,Gachibowli,27.12,1100,2466,New
3 BHK Apartment,Gachibowli,80,7142,1120,Under Construction
Residential Plot,Gachibowli,43.95,1100,3996,New
4 BHK Apartment,Madhapur,300,8670,3460,Ready to move
3 BHK Apartment,Madhapur,210,6964,3020,Ready to move
4 BHK Apartment,Madhapur,550,15714,3500,Ready to move
1 BHK Apartment,Madhapur,91,7647,1190,Ready to move
3 BHK Apartment,Madhapur,210,6763,3105,Ready to move
3 BHK Apartment,Madhapur,350,10204,3430,Ready to move
4 BHK Apartment,Madhapur,435,10687,4070,Ready to move
4 BHK Apartment,Madhapur,430,10565,4070,Ready to move
4 BHK Apartment,Madhapur,425,10442,4070,Ready to move
Residential Plot,Madhapur,15,1666,900,New
4 BHK Apartment,Madhapur,295,10296,2865,Under Construction
3 BHK Apartment,Madhapur,380,12179,3120,Ready to move
3 BHK Apartment,Madhapur,345,10000,3455,Ready to move
5 BHK Independent House,Madhapur,65,2600,2500,Ready to move
2 BHK Apartment,Madhapur,29,3052,950,Under Construction
7 BHK Independent House,Madhapur,300,5555,5400,Ready to move
1 BHK Apartment,Madhapur,25.8,4250,607,Under Construction
4 BHK Apartment,Madhapur,269,10366,2595,Ready to move
4 BHK Apartment,Madhapur,320,10031,3190,Ready to move
3 BHK Apartment,Madhapur,135,8132,1660,Ready to move
3 BHK Apartment,Madhapur,56,3733,1500,Ready to move
3 BHK Apartment,Madhapur,50,4166,1200,Under Construction
3 BHK Apartment,Madhapur,360,10495,3430,Ready to move
3 BHK Apartment,Madhapur,260,9904,2625,Ready to move
4 BHK Apartment,Madhapur,420,10319,4070,Under Construction
3 BHK Apartment,Madhapur,217,6988,3105,Ready to move
1 BHK Apartment,Madhapur,21,3230,650,Under Construction
2 BHK Apartment,Madhapur,30,2870,1045,Under Construction
3 BHK Apartment,Madhapur,35,2704,1294,Under Construction
2 BHK Apartment,Madhapur,90,7500,1200,Ready to move
Residential Plot,Madhapur,14,1555,900,New
3 BHK Apartment,Madhapur,207,6865,3015,Ready to move
5 BHK Apartment,Madhapur,398,10012,3975,Ready to move
3 BHK Apartment,Madhapur,270,10169,2655,Ready to move
Residential Plot,Madhapur,1800,11428,15750,Resale
Residential Plot,Madhapur,15,15000,100,New
5 BHK Apartment,Madhapur,860,12740,6750,Under Construction
5 BHK Villa,Madhapur,900,15000,6000,Ready to move
3 BHK Apartment,Madhapur,98,6405,1530,Ready to move
2 BHK Apartment,Madhapur,21,3230,650,Under Construction
Residential Plot,Madhapur,15,1111,1350,New
3 BHK Apartment,Madhapur,200,5873,3405,Ready to move
3 BHK Apartment,Madhapur,110,7586,1450,Ready to move
4 BHK Apartment,Madhapur,280,10789,2595,Ready to move
Residential Plot,Madhapur,4.5,100,4500,New
3 BHK Apartment,Madhapur,80,5517,1450,Ready to move
3 BHK Apartment,Madhapur,320,10031,3190,Ready to move
4 BHK Apartment,Madhapur,365,10564,3455,Ready to move
3 BHK Apartment,Madhapur,150,8393,1787,Ready to move
3 BHK Apartment,Madhapur,130,6756,1924,Ready to move
4 BHK Apartment,Madhapur,400,13961,2865,Ready to move
3 BHK Apartment,Madhapur,115,7986,1440,Ready to move
3 BHK Apartment,Madhapur,200,10810,1850,Ready to move
3 BHK Apartment,Madhapur,275,10357,2655,Ready to move
5 BHK Apartment,Madhapur,850,12734,6675,Under Construction
3 BHK Apartment,Madhapur,398,12476,3190,Ready to move
3 BHK Apartment,Madhapur,115,7666,1500,Ready to move
2 BHK Apartment,Madhapur,85,7083,1200,Ready to move
3 BHK Apartment,Madhapur,32,2909,1100,Under Construction
3 BHK Apartment,Madhapur,31,2818,1100,Under Construction
3 BHK Apartment,Madhapur,31.2,2836,1100,Under Construction
2 BHK Apartment,Madhapur,28.2,2699,1045,Under Construction
2 BHK Apartment,Madhapur,39,3391,1150,Ready to move
2 BHK Apartment,Madhapur,29,2775,1045,Under Construction
5 BHK Apartment,Madhapur,875,13108,6675,Under Construction
Residential Plot,Madhapur,1200,22222,5400,Resale
4 BHK Apartment,Madhapur,375,11755,3190,Ready to move
Residential Plot,Madhapur,1066,22222,4797,Resale
Residential Plot,Madhapur,13.5,1500,900,New
2 BHK Independent House,Serilingampally,150,13636,1100,Ready to move
Residential Plot,Serilingampally,300,11111,2700,Resale
1 BHK Apartment,Serilingampally,13,3250,400,Ready to move
3 BHK Apartment,Serilingampally,81,5491,1475,Under Construction
1 BHK Apartment,Serilingampally,25.6,3328,769,Under Construction
2 BHK Apartment,Serilingampally,32.5,3371,964,Under Construction
3 BHK Apartment,Serilingampally,40,3325,1203,Under Construction
3 BHK Apartment,Serilingampally,127,6000,2132,Under Construction
2 BHK Apartment,Serilingampally,51,5666,900,Under Construction
Residential Plot,Serilingampally,384,8888,4320,Resale
3 BHK Apartment,Serilingampally,126,7567,1665,Under Construction
3 BHK Apartment,Serilingampally,118,7091,1664,Under Construction
4 BHK Villa,Serilingampally,433,9701,4467,Under Construction
4 BHK Villa,Serilingampally,402,9500,4239,Under Construction
4 BHK Villa,Serilingampally,396,9702,4089,Under Construction
4 BHK Villa,Serilingampally,350,9502,3693,Under Construction
4 BHK Villa,Serilingampally,309,9501,3262,Under Construction
4 BHK Villa,Serilingampally,340,9501,3585,Under Construction
4 BHK Villa,Serilingampally,404,9500,4258,Under Construction
4 BHK Villa,Serilingampally,402,9701,4147,Under Construction
2 BHK Apartment,Serilingampally,69,6448,1070,Ready to move
3 BHK Villa,Serilingampally,220,8593,2560,Ready to move
2 BHK Apartment,Serilingampally,70,6511,1075,Ready to move
2 BHK Apartment,Serilingampally,104,7732,1345,Under Construction
Residential Plot,Serilingampally,20,1670,1197,New
3 BHK Apartment,Serilingampally,102,6046,1687,Under Construction
3 BHK Apartment,Serilingampally,140,4895,2860,Ready to move
3 BHK Apartment,Serilingampally,100,5927,1687,Under Construction
5 BHK Villa,Serilingampally,910,14893,6110,Ready to move
1 BHK Apartment,Serilingampally,20,3333,600,Ready to move
5 BHK Villa,Serilingampally,360,9000,4000,Ready to move
4 BHK Apartment,Serilingampally,184,6290,2925,Ready to move
2 BHK Apartment,Serilingampally,68,5186,1311,Ready to move
2 BHK Apartment,Serilingampally,56,4444,1260,Ready to move
3 BHK Apartment,Serilingampally,70,4761,1470,Ready to move
3 BHK Apartment,Serilingampally,75,4687,1600,Ready to move
Residential Plot,Serilingampally,7.5,119,6300,Resale
3 BHK Apartment,Serilingampally,88,5301,1660,Ready to move
2 BHK Apartment,Serilingampally,47,3643,1290,Under Construction
3 BHK Apartment,Serilingampally,85,5312,1600,Ready to move
3 BHK Apartment,Serilingampally,130,7303,1780,Ready to move
3 BHK Apartment,Serilingampally,88,5260,1673,Under Construction
Residential Plot,Serilingampally,18,1000,1800,New
3 BHK Apartment,Serilingampally,110,6875,1600,Ready to move
3 BHK Apartment,Serilingampally,32,2909,1100,Under Construction
2 BHK Apartment,Serilingampally,25,3026,826,Under Construction
3 BHK Apartment,Serilingampally,31.2,2836,1100,Under Construction
3 BHK Apartment,Serilingampally,140,6829,2050,Ready to move
3 BHK Apartment,Serilingampally,75,4777,1570,Under Construction
3 BHK Apartment,Serilingampally,82,4969,1650,Ready to move
3 BHK Apartment,Serilingampally,81.5,4939,1650,Ready to move
3 BHK Apartment,Kondapur,118,6035,1955,Under Construction
2 BHK Apartment,Kondapur,89,6033,1475,Under Construction
3 BHK Apartment,Kondapur,150,6550,2290,Under Construction
2 BHK Apartment,Kondapur,70,5833,1200,Under Construction
3 BHK Apartment,Kondapur,150,6122,2450,Ready to move
3 BHK Apartment,Kondapur,140,8668,1615,Ready to move
3 BHK Apartment,Kondapur,150,7672,1955,Under Construction
4 BHK Independent House,Kondapur,140,7407,1890,Ready to move
3 BHK Apartment,Kondapur,90,5000,1800,Under Construction
2 BHK Apartment,Kondapur,60,6000,1000,Under Construction
2 BHK Apartment,Kondapur,84.4,5000,1688,Under Construction
2 BHK Apartment,Kondapur,65,5000,1300,Under Construction
1 BHK Apartment,Kondapur,21,3230,650,Under Construction
2 BHK Apartment,Kondapur,100,7722,1295,Ready to move
3 BHK Apartment,Kondapur,120,8053,1490,Ready to move
Residential Plot,Kondapur,15,1666,900,New
3 BHK Apartment,Kondapur,196,8808,2225,Ready to move
3 BHK Apartment,Kondapur,193,8674,2225,Ready to move
3 BHK Apartment,Kondapur,126,6631,1900,Ready to move
3 BHK Apartment,Kondapur,148,6505,2275,Under Construction
2 BHK Apartment,Kondapur,30,2870,1045,Under Construction
3 BHK Apartment,Kondapur,128,6634,1944,Under Construction
3 BHK Apartment,Kondapur,79,5180,1525,Ready to move
4 BHK Villa,Kondapur,360,12379,2908,Ready to move
10 BHK Independent House,Kondapur,360,7200,5000,Ready to move
10 BHK Independent House,Kondapur,520,8666,6000,Ready to move
4 BHK Independent House,Kondapur,450,10000,4500,Ready to move
10 BHK Independent House,Kondapur,330,3666,9000,Ready to move
3 BHK Apartment,Kondapur,75,5597,1340,Ready to move
2 BHK Apartment,Kondapur,69,6000,1150,Ready to move
Residential Plot,Kondapur,40,3787,1056,New
2 BHK Apartment,Kondapur,25.8,4250,607,Under Construction
3 BHK Apartment,Kondapur,101,5600,1815,Ready to move
1 BHK Apartment,Kondapur,25.8,4250,607,Under Construction
3 BHK Apartment,Kondapur,230,10222,2250,Ready to move
3 BHK Apartment,Kondapur,154,8230,1871,Under Construction
3 BHK Apartment,Kondapur,111,6754,1649,Under Construction
3 BHK Apartment,Kondapur,149,5744,2594,Under Construction
3 BHK Apartment,Kondapur,182,7356,2474,Under Construction
3 BHK Apartment,Kondapur,206,9135,2255,Under Construction
2 BHK Apartment,Kondapur,97.64,7179,1360,Under Construction
3 BHK Apartment,Kondapur,132,8198,1610,Under Construction
3 BHK Apartment,Kondapur,145,6016,2410,Under Construction
2 BHK Apartment,Kondapur,65.28,4800,1360,Under Construction
3 BHK Apartment,Kondapur,198,7306,2710,Under Construction
3 BHK Apartment,Kondapur,138,7500,1840,Under Construction
3 BHK Apartment,Kondapur,176,9366,1880,Ready to move
3 BHK Apartment,Kondapur,245,9017,2717,Under Construction
3 BHK Apartment,Kondapur,241,8169,2950,Under Construction
3 BHK Apartment,Kondapur,149,5741,2595,Under Construction
2 BHK Apartment,Kondapur,29,3052,950,Under Construction
3 BHK Apartment,Kondapur,170,6799,2510,Under Construction
3 BHK Apartment,Kondapur,184,6799,2710,Under Construction
3 BHK Apartment,Kondapur,168,6799,2475,Under Construction
Residential Plot,Kondapur,540,10000,5400,Resale
3 BHK Apartment,Kondapur,160,7748,2065,Ready to move
3 BHK Apartment,Kondapur,140,6829,2050,Ready to move
Residential Plot,Kondapur,240,8888,2700,New
3 BHK Apartment,Kondapur,85,5573,1525,Ready to move
2 BHK Apartment,Kondapur,69.5,6043,1150,Under Construction
3 BHK Apartment,Kondapur,90,6101,1475,Under Construction
3 BHK Apartment,Kondapur,157,6050,2595,Under Construction
2 BHK Apartment,Kondapur,80.95,6156,1315,Ready to move
2 BHK Apartment,Kondapur,69,6000,1150,Under Construction
3 BHK Apartment,Kondapur,72,6000,1200,Under Construction
3 BHK Apartment,Kondapur,79,4759,1660,Ready to move
4 BHK Villa,Kondapur,1070,17833,6000,Under Construction
3 BHK Apartment,Kondapur,158,6088,2595,Under Construction
3 BHK Apartment,Kondapur,119,6086,1955,Under Construction
3 BHK Apartment,Kondapur,160,7804,2050,Ready to move
3 BHK Apartment,Kondapur,150,7032,2133,Ready to move
3 BHK Apartment,Kondapur,214,11436,1880,Ready to move
3 BHK Apartment,Kondapur,107,6095,1770,Ready to move
Residential Plot,Kondapur,14,1555,900,New
3 BHK Apartment,Kondapur,84,5833,1440,Ready to move
4 BHK Apartment,Kondapur,212,7477,2835,Ready to move
2 BHK Apartment,Kondapur,71,6042,1175,Under Construction
5 BHK Villa,Kondapur,1075,20093,5350,Ready to move
3 BHK Apartment,Kondapur,125,5681,2200,Ready to move
3 BHK Apartment,Kondapur,159,6127,2595,Under Construction
3 BHK Apartment,Kondapur,85.5,5700,1500,Under Construction
3 BHK Apartment,Kondapur,156,6011,2595,Under Construction
3 BHK Apartment,Kondapur,129,6042,2135,Under Construction
3 BHK Apartment,Kondapur,120,6138,1955,Under Construction
2 BHK Apartment,Kondapur,90,6101,1475,Under Construction
4 BHK Apartment,Kondapur,195,6576,2965,Under Construction
3 BHK Apartment,Kondapur,72,4500,1600,Ready to move
2 BHK Apartment,Kondapur,62,5740,1080,Ready to move
3 BHK Apartment,Kondapur,146,7324,2000,Under Construction
3 BHK Apartment,Kondapur,195,7219,2710,Under Construction
3 BHK Apartment,Kondapur,181,7242,2510,Under Construction
3 BHK Apartment,Kondapur,179,7247,2475,Under Construction
3 BHK Apartment,Kondapur,150,7312,2060,Under Construction
3 BHK Apartment,Kondapur,128,6000,2135,Under Construction
2 BHK Apartment,Kondapur,88.52,6001,1475,Under Construction
2 BHK Apartment,Kondapur,88.53,6002,1476,Under Construction
3 BHK Apartment,Kondapur,155,6002,2595,Under Construction
3 BHK Apartment,Kondapur,117,6002,1955,Under Construction
3 BHK Apartment,Kondapur,88.49,6003,1475,Under Construction
3 BHK Apartment,Kondapur,140,6799,2060,Under Construction
3 BHK Apartment,Kondapur,135,6799,2000,Under Construction
2 BHK Apartment,Kondapur,80.95,6155,1315,Ready to move
2 BHK Apartment,Kondapur,66.97,5700,1175,Under Construction
3 BHK Apartment,Kondapur,117,7800,1505,Ready to move
Residential Plot,Kondapur,15,15000,100,New
3 BHK Apartment,Kondapur,99.91,6129,1630,Ready to move
3 BHK Apartment,Kondapur,110,6085,1815,Ready to move
5 BHK Villa,Kondapur,600,13129,4570,Ready to move
3 BHK Apartment,Kondapur,114,6071,1885,Ready to move
2 BHK Apartment,Kondapur,77.25,6180,1250,Ready to move
3 BHK Apartment,Kondapur,115,5852,1965,Ready to move
2 BHK Apartment,Kondapur,74,5441,1360,Under Construction
3 BHK Apartment,Kondapur,108,5482,1970,Under Construction
3 BHK Apartment,Kondapur,140,5809,2410,Under Construction
3 BHK Apartment,Kondapur,114,5786,1970,Under Construction
3 BHK Apartment,Kondapur,105,5801,1810,Under Construction
4 BHK Villa,Kondapur,400,6666,6000,Ready to move
3 BHK Apartment,Kondapur,118,6500,1825,Ready to move
3 BHK Apartment,Kondapur,87,5704,1525,Ready to move
3 BHK Apartment,Kondapur,340,10691,3180,Ready to move
1 BHK Apartment,Kondapur,77,6416,1200,Under Construction
2 BHK Apartment,Kondapur,65,5416,1200,Under Construction
2 BHK Apartment,Kondapur,62,4881,1270,Under Construction
3 BHK Apartment,Kondapur,130,5990,2170,Ready to move
3 BHK Apartment,Kondapur,99.16,5164,1920,Under Construction
3 BHK Apartment,Kondapur,90.4,5927,1525,Ready to move
3 BHK Villa,Kondapur,158,6422,2460,Under Construction
2 BHK Apartment,Kondapur,80,6274,1275,Ready to move
3 BHK Apartment,Kondapur,85,5312,1600,Ready to move
2 BHK Apartment,Kondapur,135,7421,1819,Ready to move
2 BHK Apartment,Kondapur,72.28,5314,1360,Under Construction
2 BHK Apartment,Kondapur,77.08,5279,1460,Under Construction
2 BHK Apartment,Kondapur,113,6154,1836,Ready to move
2 BHK Apartment,Kondapur,72,6050,1190,Ready to move
2 BHK Apartment,Kondapur,78.76,5268,1495,Under Construction
3 BHK Villa,Kondapur,300,8040,3731,Ready to move
2 BHK Apartment,Kondapur,75,6000,1250,Ready to move
2 BHK Apartment,Kondapur,74,5763,1284,Under Construction
2 BHK Apartment,Kondapur,52,6303,825,Ready to move
3 BHK Apartment,Kondapur,89.4,6061,1475,Under Construction
3 BHK Apartment,Kondapur,89,5816,1530,Ready to move
2 BHK Apartment,Kondapur,90,5070,1775,Ready to move
Residential Plot,Kondapur,4.5,100,4500,New
Residential Plot,Kondapur,180,6666,2700,Resale
3 BHK Apartment,Kondapur,89.38,6059,1475,Under Construction
3 BHK Apartment,Kondapur,194,8719,2225,Under Construction
2 BHK Apartment,Kondapur,95,6440,1475,Under Construction
3 BHK Apartment,Kondapur,209,6744,3099,Ready to move
3 BHK Apartment,Kondapur,102,6067,1681,Ready to move
2 BHK Apartment,Kondapur,70,5833,1200,Ready to move
2 BHK Apartment,Kondapur,72.4,6215,1165,Ready to move
3 BHK Apartment,Kondapur,107,6515,1650,Under Construction
3 BHK Apartment,Kondapur,180,6428,2800,Ready to move
3 BHK Apartment,Kondapur,103,5150,2000,Under Construction
2 BHK Apartment,Kondapur,75,6188,1212,Ready to move
3 BHK Apartment,Kondapur,105,5343,1965,Ready to move
3 BHK Apartment,Kondapur,200,6369,3140,Under Construction
1 RK Studio Apartment,Kondapur,28,7671,365,Under Construction
4 BHK Apartment,Kondapur,238,8395,2835,Ready to move
2 BHK Apartment,Kondapur,88,5415,1625,Ready to move
2 BHK Apartment,Kondapur,76.12,5286,1440,Under Construction
2 BHK Apartment,Kondapur,73,6023,1212,Ready to move
2 BHK Apartment,Kondapur,65,5416,1200,Ready to move
3 BHK Apartment,Kondapur,119,6531,1822,Ready to move
3 BHK Apartment,Kondapur,106,5995,1770,Ready to move
3 BHK Apartment,Kondapur,139,8753,1588,Under Construction
3 BHK Apartment,Kondapur,165,8771,1881,Under Construction
3 BHK Apartment,Kondapur,136,8848,1537,Under Construction
3 BHK Apartment,Kondapur,126,8923,1412,Under Construction
3 BHK Apartment,Kondapur,185,8751,2114,Under Construction
3 BHK Apartment,Kondapur,170,8808,1930,Under Construction
Residential Plot,Kondapur,195,7222,2700,Resale
2 BHK Apartment,Kondapur,75,6276,1195,Ready to move
3 BHK Apartment,Kondapur,94.49,6156,1535,Ready to move
2 BHK Apartment,Kondapur,74.95,6195,1210,Ready to move
3 BHK Apartment,Kondapur,97.28,5968,1630,Ready to move
3 BHK Apartment,Kondapur,92.96,6056,1535,Ready to move
2 BHK Apartment,Kondapur,54,5000,1080,Under Construction
3 BHK Apartment,Kondapur,130,6813,1908,Under Construction
3 BHK Apartment,Kondapur,131,6399,2060,Under Construction
3 BHK Apartment,Kondapur,99,6785,1459,Ready to move
4 BHK Independent House,Kondapur,390,10684,3650,Ready to move
2 BHK Apartment,Kondapur,70,6730,1040,Ready to move
2 BHK Apartment,Kondapur,58.5,4500,1300,Under Construction
3 BHK Apartment,Kondapur,82,4857,1688,Under Construction
Residential Plot,Kondapur,195,7222,2700,New
3 BHK Apartment,Kondapur,110,5500,2000,Ready to move
2 BHK Apartment,Kondapur,71,5795,1225,Ready to move
3 BHK Apartment,Kondapur,159,8510,1880,Ready to move
2 BHK Apartment,Kondapur,70,5109,1370,Ready to move
3 BHK Apartment,Kondapur,80,5095,1570,Ready to move
3 BHK Apartment,Kondapur,215,6742,3195,Ready to move
3 BHK Apartment,Kondapur,82,5222,1570,Ready to move
3 BHK Apartment,Kondapur,124,6750,1850,Ready to move
2 BHK Apartment,Kondapur,99.42,6750,1473,Ready to move
3 BHK Apartment,Kondapur,175,6750,2607,Ready to move
3 BHK Apartment,Kondapur,189,6750,2800,Ready to move
3 BHK Apartment,Kondapur,147,6750,2192,Ready to move
3 BHK Apartment,Kondapur,190,6750,2815,Ready to move
3 BHK Apartment,Kondapur,165,6750,2452,Ready to move
3 BHK Apartment,Kondapur,147,6750,2191,Ready to move
3 BHK Apartment,Kondapur,189,6750,2813,Ready to move
2 BHK Apartment,Kondapur,87.07,6750,1290,Ready to move
2 BHK Apartment,Kondapur,101,6750,1500,Ready to move
2 BHK Apartment,Kondapur,87.75,6750,1300,Ready to move
2 BHK Apartment,Kondapur,92.34,6750,1368,Ready to move
2 BHK Apartment,Kondapur,120,8571,1400,Under Construction
Residential Plot,Kondapur,240,7751,3096,Resale
Residential Plot,Kondapur,320,8888,3600,Resale
3 BHK Apartment,Kondapur,118,6000,1970,Under Construction
2 BHK Apartment,Kondapur,79,6627,1192,Ready to move
3 BHK Apartment,Kondapur,89,5741,1550,Ready to move
3 BHK Apartment,Kondapur,129,8159,1581,Under Construction
Residential Plot,Kondapur,13.17,1247,1056,New
Residential Plot,Kondapur,228,7794,2925,Resale
3 BHK Apartment,Kondapur,120,7500,1600,Ready to move
3 BHK Apartment,Kondapur,91.5,6000,1525,Under Construction
3 BHK Apartment,Kondapur,225,10000,2250,Ready to move
3 BHK Apartment,Kondapur,241,9521,2531,Under Construction
2 BHK Apartment,Kondapur,76,5563,1366,Under Construction
4 BHK Apartment,Kondapur,613,12639,4850,Under Construction
3 BHK Apartment,Kondapur,317,12808,2475,Under Construction
3 BHK Apartment,Kondapur,160,8510,1880,Ready to move
2 BHK Apartment,Kondapur,85,6995,1215,Ready to move
3 BHK Apartment,Kondapur,145,5587,2595,Under Construction
3 BHK Apartment,Kondapur,89,6033,1475,Under Construction
3 BHK Apartment,Kondapur,147,6500,2275,Ready to move
2 BHK Apartment,Kondapur,50.85,4500,1130,Under Construction
2 BHK Apartment,Kondapur,49.5,4495,1101,Under Construction
2 BHK Apartment,Kondapur,49.63,4500,1103,Ready to move
2 BHK Apartment,Kondapur,49.77,4500,1106,Ready to move
2 BHK Apartment,Kondapur,49.68,4500,1104,Ready to move
3 BHK Apartment,Kondapur,72,4500,1600,Under Construction
2 BHK Apartment,Kondapur,50.4,4500,1120,Under Construction
3 BHK Apartment,Kondapur,72.13,4500,1603,Under Construction
2 BHK Apartment,Kondapur,55,4583,1200,Under Construction
2 BHK Apartment,Kondapur,52.8,4400,1200,Under Construction
3 BHK Apartment,Kondapur,72.04,4500,1601,Under Construction
3 BHK Apartment,Kondapur,72.22,4500,1605,Under Construction
2 BHK Apartment,Kondapur,50.17,4500,1115,Under Construction
2 BHK Apartment,Kondapur,25,3015,829,Under Construction
1 BHK Apartment,Kondapur,19,2923,650,Under Construction
2 BHK Apartment,Kondapur,25,3030,825,Under Construction
2 BHK Apartment,Kondapur,32,2909,1100,Under Construction
3 BHK Apartment,Kondapur,31,2818,1100,Under Construction
2 BHK Apartment,Kondapur,24,2874,835,Under Construction
2 BHK Apartment,Kondapur,24.12,2888,835,Under Construction
3 BHK Apartment,Kondapur,32.2,2927,1100,Under Construction
1 BHK Apartment,Kondapur,19.2,2953,650,Under Construction
3 BHK Apartment,Kondapur,31.2,2836,1100,Under Construction
2 BHK Apartment,Kondapur,24.1,2886,835,Under Construction
1 BHK Apartment,Kondapur,19.25,2961,650,Under Construction
1 BHK Apartment,Kondapur,19.25,2830,680,Under Construction
2 BHK Apartment,Kondapur,24.2,2813,860,Under Construction
2 BHK Apartment,Kondapur,24.2,2915,830,Under Construction
Residential Plot,Jubilee Hills,350,14000,2500,Resale
2 BHK Apartment,Jubilee Hills,42,3818,1100,Ready to move
Residential Plot,Jubilee Hills,15,1666,900,New
4 BHK Independent House,Jubilee Hills,200,12077,1656,Ready to move
4 BHK Apartment,Jubilee Hills,376,10000,3760,Under Construction
4 BHK Apartment,Jubilee Hills,378,10000,3780,Under Construction
4 BHK Apartment,Jubilee Hills,387,10000,3870,Under Construction
4 BHK Apartment,Jubilee Hills,445,10000,4450,Under Construction
4 BHK Apartment,Jubilee Hills,391,10000,3915,Under Construction
5 BHK Apartment,Jubilee Hills,710,10000,7100,Under Construction
Residential Plot,Jubilee Hills,1249,16666,7497,Resale
Residential Plot,Jubilee Hills,2000,27777,7200,Resale
4 BHK Apartment,Jubilee Hills,435,10000,4355,Under Construction
5 BHK Apartment,Jubilee Hills,708,10000,7080,Under Construction
5 BHK Apartment,Jubilee Hills,621,10000,6210,Under Construction
5 BHK Apartment,Jubilee Hills,545,10000,5450,Under Construction
4 BHK Apartment,Jubilee Hills,381,10000,3810,Under Construction
4 BHK Apartment,Jubilee Hills,375,9973,3760,Under Construction
3 BHK Apartment,Jubilee Hills,145,6971,2080,Ready to move
3 BHK Apartment,Jubilee Hills,450,12722,3537,Ready to move
3 BHK Apartment,Jubilee Hills,220,11578,1900,Ready to move
3 BHK Apartment,Jubilee Hills,240,7500,3200,Ready to move
3 BHK Apartment,Jubilee Hills,95,5937,1600,Ready to move
2 BHK Apartment,Jubilee Hills,78,6500,1200,Ready to move
4 BHK Independent House,Jubilee Hills,54,4000,1350,Ready to move
3 BHK Apartment,Jubilee Hills,235,9791,2400,Ready to move
3 BHK Apartment,Jubilee Hills,125,7485,1670,Ready to move
4 BHK Apartment,Jubilee Hills,374,9973,3760,Under Construction
4 BHK Apartment,Jubilee Hills,400,9389,4260,Ready to move
4 BHK Apartment,Jubilee Hills,416,9977,4175,Under Construction
4 BHK Apartment,Jubilee Hills,443,9964,4450,Under Construction
2 BHK Apartment,Jubilee Hills,102,7876,1295,Ready to move
2 BHK Apartment,Jubilee Hills,96,7413,1295,Ready to move
5 BHK Villa,Jubilee Hills,600,13333,4500,Ready to move
6 BHK Independent House,Jubilee Hills,120,6000,2000,Ready to move
3 BHK Independent Floor,Jubilee Hills,300,11538,2600,Ready to move
3 BHK Apartment,Jubilee Hills,150,7861,1908,Ready to move
3 BHK Apartment,Jubilee Hills,218,11500,1900,Ready to move
Residential Plot,Jubilee Hills,2500,27777,9000,Resale
3 BHK Apartment,Jubilee Hills,230,12105,1900,Ready to move
3 BHK Apartment,Jubilee Hills,229,12105,1900,Ready to move
6 BHK Apartment,Jubilee Hills,245,10381,2360,Ready to move
4 BHK Apartment,Jubilee Hills,472,10488,4500,Ready to move
1 BHK Independent House,Banjara Hills,32,11111,288,Ready to move
1 BHK Independent House,Banjara Hills,31.99,11111,288,Ready to move
5 BHK Independent House,Banjara Hills,750,30864,2430,Ready to move
3 BHK Independent Floor,Banjara Hills,100,5263,1900,Ready to move
4 BHK Apartment,Banjara Hills,302,9995,3025,Ready to move
3 BHK Apartment,Banjara Hills,200,9661,2070,Ready to move
4 BHK Villa,Banjara Hills,325,6799,4780,Ready to move
Residential Plot,Banjara Hills,2000,11111,18000,Resale
Residential Plot,Banjara Hills,3101,15509,20000,Resale
Residential Plot,Banjara Hills,57,4222,1350,Resale
Residential Plot,Banjara Hills,5.43,411,1323,New
3 BHK Apartment,Banjara Hills,175,8654,2022,Ready to move
4 BHK Apartment,Banjara Hills,450,10000,4500,Ready to move
3 BHK Apartment,Banjara Hills,220,9166,2400,Ready to move
4 BHK Apartment,Banjara Hills,280,9237,3031,Ready to move
2 BHK Apartment,Banjara Hills,30,2870,1045,Under Construction
Residential Plot,Banjara Hills,1000,16173,6183,Resale
3 BHK Apartment,Banjara Hills,120,6857,1750,Ready to move
5 BHK Villa,Banjara Hills,420,9333,4500,Ready to move
3 BHK Apartment,Banjara Hills,210,8477,2477,Under Construction
3 BHK Apartment,Banjara Hills,145,7795,1860,Ready to move
3 BHK Apartment,Banjara Hills,200,10000,2000,Ready to move
2 BHK Apartment,Banjara Hills,215,8514,2525,Ready to move
4 BHK Apartment,Banjara Hills,316,9103,3477,Under Construction
3 BHK Apartment,Banjara Hills,150,6587,2277,Ready to move
4 BHK Independent House,Banjara Hills,205,6833,3000,Ready to move
3 BHK Independent House,Banjara Hills,400,13333,3000,Ready to move
3 BHK Apartment,Banjara Hills,210,8898,2360,Ready to move
4 BHK Independent House,Banjara Hills,410,8200,5000,Ready to move
9 BHK Independent House,Banjara Hills,1300,8965,14500,Ready to move
2 BHK Apartment,Banjara Hills,110,7633,1441,Ready to move
4 BHK Villa,Banjara Hills,600,15000,4000,Ready to move
3 BHK Apartment,Banjara Hills,185,7635,2423,Under Construction
5 BHK Independent House,Banjara Hills,580,11153,5200,Ready to move
3 BHK Apartment,Banjara Hills,225,8910,2525,Ready to move
4 BHK Apartment,Banjara Hills,295,11931,2477,Under Construction
7 BHK Villa,Banjara Hills,1600,16161,9900,Ready to move
3 BHK Apartment,Banjara Hills,139,5090,2750,Ready to move
4 BHK Apartment,Banjara Hills,350,8484,4125,Under Construction
4 BHK Apartment,Banjara Hills,371,9009,4125,Under Construction
3 BHK Apartment,Banjara Hills,290,8340,3477,Under Construction
2 BHK Independent House,Banjara Hills,14,1037,1350,Under Construction
4 BHK Independent House,Banjara Hills,1250,20833,6000,Ready to move
3 BHK Apartment,Banjara Hills,289,8340,3477,Under Construction
3 BHK Apartment,Banjara Hills,120,6000,2000,Ready to move
4 BHK Independent House,Banjara Hills,1250,22321,5600,Ready to move
4 BHK Independent House,Banjara Hills,400,11428,3500,Ready to move
8 BHK Independent House,Banjara Hills,650,8783,7400,Ready to move
4 BHK Apartment,Banjara Hills,240,7476,3210,Ready to move
3 BHK Apartment,Banjara Hills,150,6983,2148,Ready to move
Residential Plot,Banjara Hills,1400,14403,9720,Resale
Residential Plot,Banjara Hills,400,14814,2700,Resale
Residential Plot,Banjara Hills,800,14814,5400,Resale
3 BHK Apartment,Banjara Hills,55,4074,1350,Ready to move
4 BHK Apartment,Banjara Hills,210,8477,2477,Under Construction
4 BHK Apartment,Banjara Hills,290,8340,3477,Under Construction
Residential Plot,Banjara Hills,150,11111,1350,Resale
2 BHK Apartment,Banjara Hills,51,6000,850,Ready to move
4 BHK Independent House,Banjara Hills,1102,24500,4500,Ready to move
2 BHK Independent House,Banjara Hills,450,22500,2000,Ready to move
4 BHK Apartment,Banjara Hills,272,8473,3210,Ready to move
5 BHK Independent House,Banjara Hills,650,14444,4500,Ready to move
3 BHK Apartment,Banjara Hills,215,8600,2500,Ready to move
3 BHK Apartment,Banjara Hills,348,12000,2900,Ready to move
Residential Plot,Miyapur,40,3787,1056,New
2 BHK Apartment,Miyapur,85,7359,1155,Ready to move
2 BHK Independent Floor,Miyapur,75,4749,1579,Ready to move
2 BHK Apartment,Miyapur,50,4000,1250,Under Construction
3 BHK Independent Floor,Miyapur,115,5476,2100,Ready to move
2 BHK Apartment,Miyapur,55,4721,1165,Under Construction
3 BHK Villa,Miyapur,130,6435,2020,Ready to move
8 BHK Independent Floor,Miyapur,150,3333,4500,Ready to move
Residential Plot,Miyapur,14.5,1790,810,New
3 BHK Apartment,Miyapur,44,3066,1435,Under Construction
2 BHK Apartment,Miyapur,48.4,4000,1210,Under Construction
3 BHK Apartment,Miyapur,97,4923,1970,Ready to move
2 BHK Apartment,Miyapur,38.73,2699,1435,Under Construction
3 BHK Apartment,Miyapur,60,3157,1900,Under Construction
2 BHK Apartment,Miyapur,34.54,2699,1280,Under Construction
3 BHK Apartment,Miyapur,43.87,2700,1625,Under Construction
3 BHK Apartment,Miyapur,40.36,2700,1495,Under Construction
2 BHK Apartment,Miyapur,35.91,2700,1330,Under Construction
3 BHK Apartment,Miyapur,52.51,2706,1940,Under Construction
3 BHK Apartment,Miyapur,42.23,2699,1565,Under Construction
2 BHK Apartment,Miyapur,53.2,4000,1330,Under Construction
2 BHK Apartment,Miyapur,32.67,2700,1210,Under Construction
3 BHK Apartment,Miyapur,53,2841,1865,Under Construction
3 BHK Apartment,Miyapur,68.6,4000,1715,Under Construction
3 BHK Apartment,Miyapur,46.3,2700,1715,Under Construction
3 BHK Apartment,Miyapur,52.38,2700,1940,Under Construction
3 BHK Apartment,Miyapur,77.6,4000,1940,Under Construction
3 BHK Apartment,Miyapur,59.8,4000,1495,Under Construction
2 BHK Apartment,Miyapur,32.96,2723,1210,Under Construction
3 BHK Apartment,Miyapur,40.5,2700,1500,Under Construction
2 BHK Apartment,Miyapur,27,2700,1000,Under Construction
3 BHK Apartment,Miyapur,65,4000,1625,Under Construction
3 BHK Apartment,Miyapur,51,2670,1910,Under Construction
2 BHK Apartment,Miyapur,35.1,3500,1003,Ready to move
3 BHK Apartment,Miyapur,35,3500,1000,Ready to move
Residential Plot,Miyapur,82,7765,1056,New
2 BHK Apartment,Miyapur,24.2,2908,832,Under Construction
3 BHK Apartment,Miyapur,65.28,4800,1360,Ready to move
Residential Plot,Miyapur,54,5113,1056,New
Residential Plot,Miyapur,36.5,3456,1056,New
Residential Plot,Miyapur,49,4640,1056,New
2 BHK Apartment,Miyapur,40,3200,1250,Under Construction
2 BHK Apartment,Miyapur,45,4000,1125,Under Construction
2 BHK Apartment,Miyapur,30,5000,600,Under Construction
3 BHK Apartment,Miyapur,108,5615,1925,Ready to move
4 BHK Villa,Miyapur,594,10607,5600,Ready to move
3 BHK Apartment,Miyapur,47.99,2461,1950,Under Construction
2 BHK Apartment,Miyapur,50,4291,1165,Under Construction
Residential Plot,Miyapur,63,466,13500,Resale
3 BHK Apartment,Miyapur,100,5000,2000,Ready to move
2 BHK Apartment,Miyapur,50,4118,1214,Under Construction
2 BHK Apartment,Miyapur,38.99,3481,1120,Under Construction
2 BHK Apartment,Miyapur,40,3827,1045,Under Construction
2 BHK Apartment,Miyapur,54,4635,1165,Under Construction
2 BHK Apartment,Miyapur,42,4158,1010,Ready to move
1 BHK Apartment,Miyapur,33,5840,565,Under Construction
3 BHK Apartment,Miyapur,107,5619,1905,Ready to move
Residential Plot,Miyapur,15,166,9000,New
Residential Plot,Miyapur,15,1666,900,New
Residential Plot,Miyapur,34,3219,1056,New
2 BHK Apartment,Miyapur,63,5526,1140,Under Construction
3 BHK Apartment,Miyapur,95,5555,1710,Under Construction
1 BHK Apartment,Miyapur,21,3230,650,Under Construction
2 BHK Apartment,Miyapur,30,2870,1045,Under Construction
3 BHK Apartment,Miyapur,99,5500,1800,Under Construction
2 BHK Apartment,Miyapur,58,4202,1380,Ready to move
2 BHK Apartment,Miyapur,51,4250,1200,Ready to move
Residential Plot,Miyapur,36,3409,1056,New
Residential Plot,Miyapur,142,6115,2322,New
2 BHK Apartment,Miyapur,36,3214,1120,Under Construction
2 BHK Apartment,Miyapur,56.4,4700,1200,Under Construction
2 BHK Apartment,Miyapur,36.5,3650,1000,Under Construction
2 BHK Apartment,Miyapur,39,3120,1250,Under Construction
3 BHK Apartment,Miyapur,35,2800,1250,Under Construction
3 BHK Apartment,Miyapur,109,5611,1945,Ready to move
3 BHK Apartment,Miyapur,51.43,3428,1500,Under Construction
3 BHK Apartment,Miyapur,82.98,4662,1780,Ready to move
1 BHK Apartment,Miyapur,25.8,4250,607,Under Construction
2 BHK Apartment,Miyapur,71,5469,1298,Under Construction
Residential Plot,Miyapur,210,81395,258,Resale
5 BHK Independent House,Miyapur,200,5000,4000,Ready to move
Residential Plot,Miyapur,80.5,5555,1449,Resale
3 BHK Apartment,Miyapur,86.8,5600,1550,Ready to move
2 BHK Apartment,Miyapur,23,3285,700,Ready to move
2 BHK Apartment,Miyapur,86.92,7304,1190,Ready to move
3 BHK Apartment,Miyapur,107,5616,1920,Ready to move
3 BHK Apartment,Miyapur,37.51,2894,1296,Under Construction
3 BHK Apartment,Miyapur,39.52,3054,1294,Under Construction
2 BHK Apartment,Miyapur,33,2727,1210,Under Construction
2 BHK Apartment,Miyapur,35.46,2931,1210,Under Construction
2 BHK Apartment,Miyapur,72,5546,1298,Under Construction
2 BHK Independent House,Miyapur,195,26000,750,Ready to move
2 BHK Apartment,Miyapur,33,3157,1045,Under Construction
2 BHK Apartment,Miyapur,62,5107,1214,Under Construction
3 BHK Independent House,Miyapur,180,5625,3200,Ready to move
Residential Plot,Miyapur,171,6109,2799,New
Residential Plot,Miyapur,110,6111,1800,New
2 BHK Apartment,Miyapur,35.95,2971,1210,Under Construction
1 BHK Apartment,Miyapur,21,2210,950,Under Construction
2 BHK Apartment,Miyapur,40.74,3898,1045,Under Construction
2 BHK Apartment,Miyapur,60,4942,1214,Under Construction
2 BHK Independent House,Miyapur,130,10000,1300,Under Construction
2 BHK Apartment,Miyapur,76,5960,1275,Ready to move
1 BHK Apartment,Miyapur,25.8,4264,605,Under Construction
2 BHK Apartment,Miyapur,37,3057,1210,Under Construction
2 BHK Independent House,Miyapur,70,4666,1500,Ready to move
2 BHK Apartment,Miyapur,30.2,2889,1045,Under Construction
Residential Plot,Miyapur,6,110,5445,New
2 BHK Apartment,Miyapur,42.18,3800,1110,Ready to move
3 BHK Apartment,Miyapur,52,3525,1475,Under Construction
2 BHK Apartment,Miyapur,42.99,3948,1089,Ready to move
2 BHK Apartment,Miyapur,41.99,3856,1089,Ready to move
2 BHK Apartment,Miyapur,95,8520,1115,Ready to move
2 BHK Apartment,Miyapur,53.5,5360,998,Ready to move
1 BHK Apartment,Miyapur,26,4000,650,Under Construction
2 BHK Apartment,Miyapur,53,4491,1180,Under Construction
2 BHK Apartment,Miyapur,56,4497,1245,Ready to move
3 BHK Apartment,Miyapur,120,6134,1956,Ready to move
Residential Plot,Miyapur,100,38759,258,Resale
Residential Plot,Miyapur,85,4722,1800,Resale
2 BHK Apartment,Miyapur,36,2975,1210,Under Construction
Residential Plot,Miyapur,14,1555,900,New
3 BHK Apartment,Miyapur,89.6,5339,1678,Ready to move
3 BHK Apartment,Miyapur,35.64,2945,1210,Under Construction
3 BHK Apartment,Miyapur,83,4662,1780,Ready to move
Residential Plot,Miyapur,9,165,5445,New
1 BHK Apartment,Miyapur,28,4620,606,Under Construction
3 BHK Apartment,Miyapur,85,5289,1607,Ready to move
1 BHK Apartment,Miyapur,30,5309,565,Under Construction
2 BHK Apartment,Miyapur,63,5189,1214,Under Construction
2 BHK Apartment,Miyapur,50.31,3887,1294,Under Construction
1 BHK Apartment,Miyapur,63,11150,565,Under Construction
2 BHK Apartment,Miyapur,42,4019,1045,Under Construction
3 BHK Apartment,Miyapur,35,2704,1294,Under Construction
3 BHK Apartment,Miyapur,90.49,4750,1905,Under Construction
1 BHK Apartment,Miyapur,33,5436,607,Under Construction
2 BHK Apartment,Miyapur,55,4803,1145,Under Construction
3 BHK Apartment,Miyapur,52,4018,1294,Under Construction
3 BHK Apartment,Miyapur,90,4568,1970,Ready to move
2 BHK Apartment,Miyapur,48,5000,960,Under Construction
2 BHK Apartment,Miyapur,52.42,4500,1165,Ready to move
3 BHK Apartment,Miyapur,36,2975,1210,Under Construction
1 BHK Apartment,Miyapur,30,5000,600,Under Construction
2 BHK Apartment,Miyapur,28,5283,530,Ready to move
2 BHK Apartment,Miyapur,60,5309,1130,Under Construction
2 BHK Apartment,Miyapur,62,5276,1175,Under Construction
2 BHK Apartment,Miyapur,52.5,4906,1070,Under Construction
3 BHK Apartment,Miyapur,100,4761,2100,Under Construction
2 BHK Apartment,Miyapur,30.3,2899,1045,Under Construction
2 BHK Apartment,Miyapur,34,3049,1115,Under Construction
2 BHK Apartment,Miyapur,65,5508,1180,Ready to move
4 BHK Villa,Miyapur,610,10892,5600,Ready to move
3 BHK Apartment,Miyapur,96,6442,1490,Ready to move
2 BHK Apartment,Miyapur,45,5226,861,Under Construction
1 BHK Apartment,Miyapur,25,4118,607,Under Construction
3 BHK Apartment,Miyapur,92.3,5185,1780,Under Construction
3 BHK Apartment,Miyapur,37.51,2899,1294,Under Construction
2 BHK Apartment,Miyapur,38,2934,1295,Under Construction
3 BHK Apartment,Miyapur,126,6567,1925,Ready to move
2 BHK Apartment,Miyapur,31.43,2698,1165,Under Construction
3 BHK Apartment,Miyapur,86,5422,1586,Ready to move
Residential Plot,Miyapur,60,6000,1000,New
2 BHK Apartment,Miyapur,90.75,7174,1265,Ready to move
2 BHK Apartment,Miyapur,39.94,2699,1480,Ready to move
2 BHK Apartment,Miyapur,31.25,2990,1045,Under Construction
1 BHK Apartment,Miyapur,30,4942,607,Ready to move
2 BHK Apartment,Miyapur,31.44,2699,1165,Under Construction
2 BHK Apartment,Miyapur,38.21,2952,1294,Under Construction
2 BHK Apartment,Miyapur,48,5882,816,Ready to move
2 BHK Apartment,Miyapur,43,4134,1040,Ready to move
2 BHK Apartment,Miyapur,42,3500,1200,Under Construction
3 BHK Apartment,Miyapur,56,3500,1600,Under Construction
2 BHK Apartment,Miyapur,59.65,5000,1193,Under Construction
1 BHK Apartment,Miyapur,29.99,5309,565,Under Construction
2 BHK Apartment,Miyapur,62,4133,1500,Ready to move
2 BHK Apartment,Miyapur,37.5,3000,1250,Under Construction
2 BHK Apartment,Miyapur,80.7,7238,1115,Ready to move
3 BHK Apartment,Miyapur,37.51,2898,1294,Under Construction
Residential Plot,Miyapur,4.5,100,4500,New
Residential Plot,Miyapur,4.5,743,605,New
2 BHK Apartment,Miyapur,50.31,3900,1290,Under Construction
Residential Plot,Miyapur,9.94,944,1053,New
2 BHK Apartment,Miyapur,38.28,2958,1294,Under Construction
Residential Plot,Miyapur,84,4666,1800,New
2 BHK Apartment,Miyapur,38.5,3500,1100,Under Construction
2 BHK Apartment,Miyapur,60,6000,1000,Under Construction
1 BHK Apartment,Miyapur,23.44,4150,565,Under Construction
3 BHK Apartment,Miyapur,42,2699,1556,Under Construction
2 BHK Apartment,Miyapur,43,3583,1200,Ready to move
2 BHK Apartment,Miyapur,52,4000,1300,Ready to move
2 BHK Apartment,Miyapur,55.2,4000,1380,Ready to move
Residential Plot,Miyapur,15,10344,145,New
Residential Plot,Miyapur,35,3314,1056,New
2 BHK Apartment,Miyapur,29,3052,950,Under Construction
2 BHK Apartment,Miyapur,80,6666,1200,Ready to move
2 BHK Apartment,Miyapur,38.65,3698,1045,Under Construction
2 BHK Apartment,Miyapur,49.03,4600,1066,Under Construction
2 BHK Apartment,Miyapur,39.59,3399,1165,Ready to move
2 BHK Apartment,Miyapur,60.63,5200,1166,Under Construction
3 BHK Apartment,Miyapur,41.99,2699,1556,Under Construction
3 BHK Apartment,Miyapur,87,5440,1599,Under Construction
2 BHK Apartment,Miyapur,81.82,7338,1115,Ready to move
3 BHK Apartment,Miyapur,91,5112,1780,Under Construction
2 BHK Apartment,Miyapur,43.79,4600,952,Under Construction
2 BHK Apartment,Miyapur,51.1,4600,1111,Under Construction
3 BHK Apartment,Miyapur,79.2,5126,1545,Under Construction
Residential Plot,Miyapur,22.5,1666,1350,New
3 BHK Apartment,Miyapur,57.75,3500,1650,Under Construction
1 BHK Apartment,Miyapur,25.55,4210,607,Under Construction
2 BHK Apartment,Miyapur,35,3043,1150,Under Construction
2 BHK Apartment,Miyapur,32,3062,1045,Under Construction
2 BHK Apartment,Miyapur,43.75,3500,1250,Under Construction
2 BHK Apartment,Miyapur,38,2936,1294,Under Construction
3 BHK Apartment,Miyapur,86,4831,1780,Ready to move
2 BHK Apartment,Miyapur,40.74,3899,1045,Under Construction
3 BHK Apartment,Miyapur,82.99,5341,1554,Ready to move
3 BHK Apartment,Miyapur,85.99,5231,1644,Ready to move
3 BHK Apartment,Miyapur,109,6997,1572,Under Construction
2 BHK Apartment,Miyapur,84.98,7264,1170,Under Construction
3 BHK Apartment,Miyapur,44.53,2845,1565,Ready to move
2 BHK Apartment,Miyapur,72,5581,1290,Under Construction
2 BHK Apartment,Miyapur,59.99,4942,1214,Under Construction
2 BHK Apartment,Miyapur,55.2,4000,1380,Under Construction
1 BHK Apartment,Miyapur,29.99,4942,607,Ready to move
2 BHK Apartment,Miyapur,50.38,4150,1214,Under Construction
3 BHK Apartment,Miyapur,86,5231,1644,Ready to move
3 BHK Apartment,Miyapur,44.99,2892,1556,Under Construction
2 BHK Apartment,Miyapur,44.99,4285,1050,Ready to move
2 BHK Apartment,Miyapur,48,4800,1000,Ready to move
2 BHK Apartment,Miyapur,37,2491,1485,Under Construction
2 BHK Apartment,Miyapur,52.5,4772,1100,Ready to move
2 BHK Apartment,Miyapur,38.27,2958,1294,Under Construction
1 BHK Apartment,Miyapur,24.01,4250,565,Under Construction
2 BHK Apartment,Miyapur,35.73,4150,861,Under Construction
1 BHK Apartment,Miyapur,25.19,4150,607,Under Construction
3 BHK Apartment,Miyapur,88.98,5393,1650,Ready to move
3 BHK Apartment,Miyapur,79.99,5148,1554,Ready to move
2 BHK Apartment,Miyapur,32.65,2699,1210,Under Construction
2 BHK Apartment,Miyapur,35.73,4150,861,Ready to move
3 BHK Apartment,Miyapur,85.98,5106,1684,Ready to move
2 BHK Apartment,Miyapur,76,6333,1200,Ready to move
4 BHK Villa,Miyapur,600,10714,5600,Ready to move
2 BHK Apartment,Miyapur,102,7221,1425,Ready to move
2 BHK Apartment,Miyapur,42.94,3800,1130,Under Construction
2 BHK Apartment,Miyapur,39.14,3800,1030,Under Construction
2 BHK Apartment,Manikonda,99,6305,1570,Ready to move
4 BHK Villa,Manikonda,240,7317,3280,Ready to move
2 BHK Independent Floor,Manikonda,57,3725,1530,Ready to move
5 BHK Independent Floor,Manikonda,375,4464,8400,Ready to move
4 BHK Apartment,Manikonda,400,8510,4700,Ready to move
4 BHK Independent Floor,Manikonda,400,8510,4700,Ready to move
3 BHK Apartment,Manikonda,48,3750,1280,Ready to move
3 BHK Apartment,Manikonda,150,8178,1834,Ready to move
2 BHK Apartment,Manikonda,65,5394,1205,Ready to move
2 BHK Apartment,Manikonda,30,2870,1045,Under Construction
3 BHK Apartment,Manikonda,145,7906,1834,Ready to move
2 BHK Apartment,Manikonda,52.5,5898,890,Ready to move
2 BHK Apartment,Manikonda,50,4545,1100,Ready to move
2 BHK Apartment,Manikonda,45,5000,900,Ready to move
3 BHK Independent House,Manikonda,90,6666,1350,Ready to move
3 BHK Apartment,Manikonda,87.5,5499,1591,Under Construction
3 BHK Apartment,Manikonda,100,5476,1826,Under Construction
3 BHK Apartment,Manikonda,115,5470,2102,Under Construction
3 BHK Apartment,Manikonda,120,6000,2000,Ready to move
3 BHK Apartment,Manikonda,50,3125,1600,Under Construction
3 BHK Apartment,Manikonda,78.55,5000,1571,Under Construction
3 BHK Apartment,Manikonda,95,4523,2100,Under Construction
2 BHK Apartment,Manikonda,32,4000,800,Ready to move
3 BHK Apartment,Manikonda,148,8069,1834,Under Construction
3 BHK Apartment,Manikonda,142,7742,1834,Under Construction
2 BHK Apartment,Manikonda,62,5012,1237,Under Construction
2 BHK Apartment,Manikonda,110,8371,1314,Ready to move
4 BHK Villa,Manikonda,350,10000,3500,Ready to move
3 BHK Apartment,Manikonda,94,4965,1893,Under Construction
3 BHK Apartment,Manikonda,91.84,5600,1640,Under Construction
3 BHK Apartment,Manikonda,89.37,5600,1596,Under Construction
3 BHK Apartment,Manikonda,86.52,5600,1545,Under Construction
3 BHK Apartment,Manikonda,76.72,5600,1370,Under Construction
2 BHK Apartment,Manikonda,69.72,5600,1245,Under Construction
2 BHK Apartment,Manikonda,75.04,5600,1340,Under Construction
2 BHK Apartment,Manikonda,68.88,5600,1230,Under Construction
2 BHK Apartment,Manikonda,64.4,5600,1150,Under Construction
2 BHK Apartment,Manikonda,54.88,5600,980,Under Construction
3 BHK Apartment,Manikonda,148,8069,1834,Ready to move
3 BHK Villa,Manikonda,250,7575,3300,Ready to move
3 BHK Apartment,Manikonda,62,4592,1350,Ready to move
4 BHK Independent House,Manikonda,350,7000,5000,Ready to move
3 BHK Independent House,Manikonda,180,11111,1620,Ready to move
3 BHK Independent House,Manikonda,178,6382,2789,Ready to move
4 BHK Villa,Manikonda,235,7164,3280,Ready to move
3 BHK Independent House,Manikonda,60,7407,810,Ready to move
2 BHK Apartment,Manikonda,59.5,4767,1248,Under Construction
3 BHK Apartment,Manikonda,55,3235,1700,Ready to move
Residential Plot,Manikonda,220,11530,1908,Resale
Residential Plot,Manikonda,100,33333,300,Resale
Residential Plot,Manikonda,175,7777,2250,Resale
Residential Plot,Manikonda,174,7956,2187,Resale
Residential Plot,Manikonda,105,3888,2700,Resale
2 BHK Apartment,Manikonda,65,5000,1300,Ready to move
2 BHK Apartment,Manikonda,62,5166,1200,Ready to move
2 BHK Apartment,Manikonda,70,5185,1350,Ready to move
3 BHK Apartment,Manikonda,89,5562,1600,Ready to move
2 BHK Apartment,Manikonda,65,5909,1100,Ready to move
3 BHK Apartment,Manikonda,75,4373,1715,Ready to move
3 BHK Apartment,Manikonda,150,5769,2600,Ready to move
2 BHK Apartment,Manikonda,65,5158,1260,Ready to move
10 BHK Independent House,Manikonda,360,6000,6000,Ready to move
10 BHK Independent House,Manikonda,320,5517,5800,Ready to move
3 BHK Apartment,Manikonda,98,5444,1800,Ready to move
2 BHK Apartment,Manikonda,99,7534,1314,Ready to move
4 BHK Villa,Manikonda,400,13333,3000,Ready to move
2 BHK Apartment,Manikonda,65,5138,1265,Under Construction
3 BHK Villa,Manikonda,260,7222,3600,Ready to move
5 BHK Villa,Manikonda,400,4819,8300,Ready to move
3 BHK Apartment,Manikonda,105,5007,2097,Ready to move
2 BHK Apartment,Manikonda,80,4848,1650,Under Construction
3 BHK Apartment,Manikonda,155,7380,2100,Under Construction
3 BHK Apartment,Manikonda,75,4545,1650,Ready to move
8 BHK Independent House,Manikonda,330,6600,5000,Under Construction
2 BHK Apartment,Manikonda,45,3982,1130,Ready to move
3 BHK Apartment,Manikonda,64,4848,1320,Under Construction
2 BHK Apartment,Manikonda,62,5000,1240,Under Construction
2 BHK Apartment,Manikonda,52,4333,1200,Ready to move
2 BHK Independent House,Manikonda,240,13333,1800,Ready to move
3 BHK Apartment,Manikonda,86,5002,1719,Under Construction
3 BHK Apartment,Manikonda,85,4802,1770,Under Construction
3 BHK Apartment,Manikonda,75,4774,1571,Under Construction
3 BHK Apartment,Manikonda,78,4838,1612,Under Construction
3 BHK Apartment,Manikonda,95,4793,1982,Ready to move
2 BHK Apartment,Manikonda,55.58,4800,1158,Under Construction
3 BHK Apartment,Manikonda,75,4918,1525,Under Construction
2 BHK Apartment,Manikonda,55,4296,1280,Under Construction
2 BHK Apartment,Manikonda,65,4818,1349,Ready to move
3 BHK Apartment,Manikonda,82,6074,1350,Ready to move
3 BHK Apartment,Manikonda,80,4651,1720,Under Construction
3 BHK Apartment,Manikonda,76,4470,1700,Ready to move
3 BHK Apartment,Manikonda,85,4250,2000,Ready to move
Residential Plot,Manikonda,390,7222,5400,Resale
3 BHK Apartment,Manikonda,41,3280,1250,Ready to move
3 BHK Apartment,Manikonda,155,8451,1834,Ready to move
2 BHK Apartment,Manikonda,65,4814,1350,Ready to move
3 BHK Apartment,Manikonda,69,4791,1440,Ready to move
2 BHK Apartment,Manikonda,60,4694,1278,Ready to move
3 BHK Apartment,Manikonda,152,6909,2200,Under Construction
4 BHK Apartment,Manikonda,330,7021,4700,Ready to move
3 BHK Apartment,Manikonda,66,4782,1380,Ready to move
2 BHK Apartment,Manikonda,78,5098,1530,Ready to move
2 BHK Apartment,Manikonda,66,5500,1200,Ready to move
2 BHK Apartment,Manikonda,56,4840,1157,Under Construction
Residential Plot,Manikonda,4.5,100,4500,New
3 BHK Apartment,Manikonda,75.6,4800,1575,Under Construction
3 BHK Apartment,Manikonda,210,8238,2549,Ready to move
3 BHK Apartment,Manikonda,170,6538,2600,Ready to move
3 BHK Apartment,Manikonda,85,5272,1612,Under Construction
Residential Plot,Manikonda,100,7407,1350,Resale
2 BHK Apartment,Manikonda,63,5727,1100,Ready to move
2 BHK Apartment,Manikonda,65,4961,1310,Under Construction
3 BHK Apartment,Manikonda,88.5,5000,1770,Under Construction
3 BHK Apartment,Manikonda,140,7466,1875,Under Construction
2 BHK Apartment,Manikonda,65,5579,1165,Under Construction
2 BHK Apartment,Manikonda,62.05,5000,1241,Under Construction
3 BHK Apartment,Manikonda,52,4193,1240,Ready to move
Residential Plot,Manikonda,140,7777,1800,Resale
3 BHK Apartment,Manikonda,160,8724,1834,Ready to move
3 BHK Apartment,Manikonda,115,6500,1770,Under Construction
3 BHK Apartment,Manikonda,140,7671,1825,Under Construction
2 BHK Apartment,Manikonda,60,5000,1200,Ready to move
3 BHK Apartment,Manikonda,70,4784,1463,Ready to move
4 BHK Villa,Manikonda,270,12000,2250,Under Construction
3 BHK Apartment,Manikonda,84.24,4800,1755,Under Construction
3 BHK Apartment,Manikonda,121,6500,1875,Under Construction
3 BHK Apartment,Manikonda,60,4882,1229,Ready to move
2 BHK Apartment,Manikonda,90,6741,1335,Under Construction
3 BHK Apartment,Manikonda,78,5200,1500,Under Construction
3 BHK Apartment,Manikonda,81.12,5200,1560,Under Construction
3 BHK Apartment,Manikonda,78.78,5200,1515,Under Construction
3 BHK Apartment,Manikonda,80.34,5200,1545,Under Construction
3 BHK Apartment,Manikonda,76.96,5200,1480,Under Construction
2 BHK Apartment,Manikonda,61.1,5200,1175,Under Construction
3 BHK Apartment,Manikonda,78.52,5200,1510,Under Construction
2 BHK Apartment,Manikonda,62.92,5200,1210,Under Construction
3 BHK Apartment,Manikonda,81.64,5200,1570,Under Construction
2 BHK Apartment,Manikonda,64.74,5200,1245,Under Construction
3 BHK Apartment,Manikonda,78.26,5200,1505,Under Construction
3 BHK Apartment,Manikonda,79.97,5200,1538,Under Construction
3 BHK Apartment,Manikonda,160,5517,2900,Ready to move
4 BHK Apartment,Manikonda,500,10654,4693,Ready to move
2 BHK Apartment,Manikonda,56,4765,1175,Ready to move
2 BHK Apartment,Manikonda,29.8,2493,1195,Ready to move
Residential Plot,Manikonda,130,7222,1800,Resale
3 BHK Apartment,Manikonda,83.83,4200,1996,Ready to move
3 BHK Apartment,Manikonda,83.79,4200,1995,Ready to move
3 BHK Apartment,Manikonda,76.69,4200,1826,Ready to move
3 BHK Apartment,Manikonda,72.03,4200,1715,Ready to move
3 BHK Apartment,Manikonda,67.41,4200,1605,Ready to move
3 BHK Apartment,Manikonda,83.41,4200,1986,Ready to move
3 BHK Apartment,Manikonda,75.93,4200,1808,Ready to move
3 BHK Apartment,Manikonda,73.58,4200,1752,Ready to move
3 BHK Apartment,Manikonda,68.41,4200,1629,Ready to move
3 BHK Apartment,Manikonda,65.47,4200,1559,Ready to move
3 BHK Apartment,Manikonda,65.1,4200,1550,Ready to move
3 BHK Apartment,Manikonda,75.76,4200,1804,Ready to move
3 BHK Apartment,Manikonda,77.53,4200,1846,Ready to move
3 BHK Apartment,Manikonda,82.78,4200,1971,Ready to move
3 BHK Apartment,Manikonda,79.8,4200,1900,Ready to move
3 BHK Apartment,Manikonda,82.74,4200,1970,Ready to move
3 BHK Apartment,Manikonda,74.67,4200,1778,Ready to move
3 BHK Apartment,Manikonda,68.33,4200,1627,Ready to move
3 BHK Apartment,Manikonda,82.02,4200,1953,Ready to move
3 BHK Apartment,Manikonda,62.79,4200,1495,Ready to move
3 BHK Apartment,Manikonda,59.01,4200,1405,Ready to move
2 BHK Apartment,Manikonda,55.06,4200,1311,Ready to move
2 BHK Apartment,Manikonda,53.71,4200,1279,Ready to move
2 BHK Apartment,Manikonda,50.77,4200,1209,Ready to move
2 BHK Apartment,Manikonda,49.93,4200,1189,Ready to move
2 BHK Apartment,Manikonda,48.3,4200,1150,Ready to move
2 BHK Apartment,Manikonda,52.75,4200,1256,Ready to move
3 BHK Apartment,Manikonda,66.57,4200,1585,Ready to move
2 BHK Apartment,Manikonda,55.14,4200,1313,Ready to move
3 BHK Apartment,Manikonda,63.12,4200,1503,Ready to move
2 BHK Apartment,Manikonda,51.66,4200,1230,Ready to move
2 BHK Apartment,Manikonda,53.67,4200,1278,Ready to move
2 BHK Apartment,Manikonda,53.76,4200,1280,Ready to move
3 BHK Apartment,Manikonda,90,5235,1719,Under Construction
3 BHK Apartment,Manikonda,80,4962,1612,Under Construction
3 BHK Apartment,Manikonda,76,4837,1571,Under Construction
2 BHK Apartment,Manikonda,64.5,5201,1240,Under Construction
2 BHK Apartment,Manikonda,65,5241,1240,Under Construction
Residential Plot,Manikonda,140,13257,1056,Resale
8 BHK Independent House,Manikonda,600,6000,10000,Ready to move
2 BHK Apartment,Manikonda,191,7991,2390,Ready to move
3 BHK Apartment,Manikonda,111,5000,2238,Under Construction
3 BHK Apartment,Manikonda,91.8,5000,1836,Under Construction
2 BHK Apartment,Manikonda,66.75,5000,1335,Under Construction
