location,Price/sqft 2018,Conversion factor for 2019,Price/sqft 2019
Electronic City,"5,285.44",0.06,5618
Koramangala,"11,105.50",0.02,11366
Koramangala,"10,880.40",0.02,11136
Koramangala,"12,765.96",0.02,13066
Koramangala,"4,206.35",0.02,4305
Koramangala,"6,428.57",0.02,6580
Koramangala,"13,877.55",0.02,14204
Koramangala,"18,367.35",0.02,18799
Koramangala,"17,492.71",0.02,17904
Electronic City,"6,074.77",0.06,6457
Koramangala,"11,111.11",0.02,11372
Koramangala,"10,919.73",0.02,11176
Koramangala,"24,316.11",0.02,24887
Koramangala,"8,827.59",0.02,9035
Koramangala,"14,068.30",0.02,14399
Koramangala,"19,047.62",0.02,19495
Koramangala,"16,554.26",0.02,16943
Koramangala,"11,816.14",0.02,12094
Electronic City,"4,285.71",0.06,4555
Hebbal,"13,025.21",0.04,13602
Electronic City,"7,582.57",0.06,8059
Electronic City,"7,555.13",0.06,8030
Electronic City,"6,013.63",0.06,6392
Electronic City,"6,801.07",0.06,7228
Electronic City,"4,125.29",0.06,4385
Hebbal,"7,585.34",0.04,7921
Electronic City,"3,571.43",0.06,3796
Electronic City,"8,053.69",0.06,8560
Electronic City,"3,714.29",0.06,3948
Electronic City,"6,257.75",0.06,6651
Electronic City,"4,661.65",0.06,4955
Electronic City,"4,125.51",0.06,4385
Electronic City,"7,004.61",0.06,7445
Hebbal,"13,888.89",0.04,14504
Hebbal,"14,778.33",0.04,15433
Hebbal,"15,413.32",0.04,16096
Electronic City,"6,403.94",0.06,6806
Electronic City,"6,657.64",0.06,7076
Electronic City,"5,124.22",0.06,5446
Electronic City,"4,125.71",0.06,4385
Electronic City,"6,857.14",0.06,7288
Electronic City,"4,126.62",0.06,4386
Bellandur,"8,327.27",0.05,8709
Bellandur,"7,824.54",0.05,8183
HSR Layout,"12,143.47",0.08,13106
Bellandur,"8,685.71",0.05,9084
Bellandur,"7,142.86",0.05,7470
Bellandur,"8,252.48",0.05,8631
Bellandur,"6,204.44",0.05,6489
Bellandur,"9,395.97",0.05,9827
Electronic City,"4,125.29",0.06,4385
Bellandur,"6,948.70",0.05,7267
Bellandur,"11,770.48",0.05,12310
Bellandur,"7,565.64",0.05,7913
Bellandur,"7,429.92",0.05,7771
Bellandur,"7,025.76",0.05,7348
HSR Layout,"8,267.20",0.08,8922
Bellandur,"9,017.93",0.05,9432
Bellandur,"8,888.89",0.05,9297
Bellandur,"8,359.79",0.05,8743
Bellandur,"6,331.93",0.05,6622
Bellandur,"8,334.15",0.05,8716
HSR Layout,"13,300.49",0.08,14354
Bellandur,"6,096.83",0.05,6376
Bellandur,"9,795.92",0.05,10245
Electronic City,"6,466.78",0.06,6873
Bellandur,"7,851.69",0.05,8212
Bellandur,"5,428.26",0.05,5677
Bellandur,"9,443.78",0.05,9877
Bellandur,"8,155.50",0.05,8530
Bellandur,"6,699.51",0.05,7007
Bellandur,"8,760.11",0.05,9162
Electronic City,"4,125.51",0.06,4385
Bellandur,"8,051.95",0.05,8421
Hebbal,"11,822.66",0.04,12346
Bellandur,"5,437.79",0.05,5687
Bellandur,"5,428.26",0.05,5677
Bellandur,"4,572.45",0.05,4782
Electronic City,"5,820.11",0.06,6186
Bellandur,"8,478.17",0.05,8867
Bellandur,"8,001.16",0.05,8368
Bellandur,"5,428.86",0.05,5678
Bellandur,"6,994.67",0.05,7316
Bellandur,"7,794.65",0.05,8152
Bellandur,"7,135.72",0.05,7463
Bellandur,"7,008.09",0.05,7330
HSR Layout,"12,034.16",0.08,12988
BTM Layout,"5,473.68",0.04,5669
Bellandur,"9,702.24",0.05,10147
Electronic City,"7,620.90",0.06,8100
Bellandur,"6,071.43",0.05,6350
Bellandur,"6,190.48",0.05,6474
Bellandur,"9,603.84",0.05,10044
Electronic City,"5,782.65",0.06,6146
Bellandur,"6,302.52",0.05,6592
Bellandur,"9,269.36",0.05,9695
Electronic City,"7,077.33",0.06,7522
Bellandur,"5,423.33",0.05,5672
Bellandur,"8,776.21",0.05,9179
Bellandur,"8,812.35",0.05,9217
Bellandur,"5,428.26",0.05,5677
Bellandur,"12,324.51",0.05,12890
Bellandur,"5,713.06",0.05,5975
Bellandur,"8,626.09",0.05,9022
Bellandur,"16,068.29",0.05,16805
Bellandur,"5,357.14",0.05,5603
Bellandur,"7,025.76",0.05,7348
Bellandur,"9,321.18",0.05,9749
Bellandur,"5,263.16",0.05,5505
Bellandur,"8,444.76",0.05,8832
Bellandur,"6,400.00",0.05,6694
Bellandur,"8,562.95",0.05,8956
Bellandur,"8,645.53",0.05,9042
Bellandur,"16,068.29",0.05,16805
Bellandur,"9,749.89",0.05,10197
Bellandur,"10,447.30",0.05,10927
Bellandur,"6,945.39",0.05,7264
Bellandur,"6,666.67",0.05,6972
Bellandur,"7,431.87",0.05,7773
Bellandur,"9,152.18",0.05,9572
Electronic City,"6,079.03",0.06,6461
Bellandur,"6,237.42",0.05,6524
Bellandur,"5,713.08",0.05,5975
Bellandur,"7,380.95",0.05,7720
Bellandur,"7,195.41",0.05,7525
Electronic City,"4,844.72",0.06,5149
Bellandur,"6,947.70",0.05,7266
HSR Layout,"11,769.48",0.08,12702
Bellandur,"6,845.24",0.05,7159
Bellandur,"5,367.13",0.05,5613
Bellandur,"7,293.01",0.05,7628
Bellandur,"7,142.86",0.05,7470
Bellandur,"9,805.58",0.05,10255
Electronic City,"7,807.95",0.06,8299
Bellandur,"7,563.03",0.05,7910
Bellandur,"8,842.60",0.05,9248
Bellandur,"7,170.96",0.05,7500
Bellandur,"6,216.38",0.05,6502
Electronic City,"4,125.54",0.06,4385
Bellandur,"11,448.48",0.05,11974
Bellandur,"7,017.17",0.05,7339
Bellandur,"9,467.12",0.05,9901
Bellandur,"8,375.99",0.05,8760
Electronic City,"8,891.52",0.06,9450
Bellandur,"10,233.32",0.05,10703
Bellandur,"5,213.76",0.05,5453
Bellandur,"5,320.35",0.05,5564
BTM Layout,"7,826.09",0.04,8105
BTM Layout,"16,095.24",0.04,16668
BTM Layout,"7,980.30",0.04,8264
BTM Layout,"6,032.82",0.04,6248
BTM Layout,"7,740.54",0.04,8016
BTM Layout,"7,868.60",0.04,8149
Electronic City,"6,429.08",0.06,6833
BTM Layout,"6,512.61",0.04,6745
BTM Layout,"10,000.00",0.04,10356
BTM Layout,"8,241.76",0.04,8535
BTM Layout,"7,235.62",0.04,7493
BTM Layout,"13,095.24",0.04,13562
BTM Layout,"6,785.71",0.04,7027
BTM Layout,"9,620.99",0.04,9964
Electronic City,"5,000.00",0.06,5314
Electronic City,"6,550.52",0.06,6962
Electronic City,"4,125.71",0.06,4385
Electronic City,"4,285.71",0.06,4555
Electronic City,"2,678.57",0.06,2847
Electronic City,"6,142.86",0.06,6529
Electronic City,"8,086.25",0.06,8594
Electronic City,"7,998.51",0.06,8501
Electronic City,"5,925.93",0.06,6298
Electronic City,"6,679.04",0.06,7099
Electronic City,"6,942.59",0.06,7379
BTM Layout,"13,127.41",0.04,13595
Electronic City,"6,411.15",0.06,6814
Electronic City,"5,454.55",0.06,5797
Electronic City,"6,279.43",0.06,6674
Electronic City,"8,122.74",0.06,8633
Electronic City,"8,232.02",0.06,8749
Electronic City,"7,539.68",0.06,8014
BTM Layout,"9,523.81",0.04,9863
Electronic City,"7,978.72",0.06,8480
Electronic City,"11,167.69",0.06,11870
Electronic City,"8,844.81",0.06,9401
Electronic City,"4,125.71",0.06,4385
Electronic City,"5,484.46",0.06,5829
Electronic City,"7,343.12",0.06,7805
Electronic City,"6,231.00",0.06,6623
Electronic City,"4,126.62",0.06,4386
Electronic City,"8,706.94",0.06,9254
Electronic City,"7,802.85",0.06,8293
Indira Nagar,"6,836.73",0.1,7548
Electronic City,"7,457.98",0.06,7927
Electronic City,"4,707.79",0.06,5004
Electronic City,"6,429.14",0.06,6833
Electronic City,"8,617.05",0.06,9159
Electronic City,"8,294.07",0.06,8815
Electronic City,"7,881.77",0.06,8377
BTM Layout,"7,849.29",0.04,8129
Electronic City,"5,467.37",0.06,5811
Electronic City,"4,155.84",0.06,4417
Electronic City,"3,219.32",0.06,3422
Electronic City,"7,489.99",0.06,7961
Electronic City,"7,223.11",0.06,7677
Electronic City,"8,314.34",0.06,8837
Electronic City,"6,936.42",0.06,7372
Electronic City,"4,126.42",0.06,4386
Electronic City,"6,593.41",0.06,7008
Electronic City,"4,125.62",0.06,4385
Electronic City,"5,494.51",0.06,5840
Electronic City,"7,878.15",0.06,8373
Electronic City,"7,421.15",0.06,7888
Electronic City,"8,105.37",0.06,8615
Electronic City,"7,209.61",0.06,7663
Electronic City,"3,896.10",0.06,4141
Electronic City,"4,125.44",0.06,4385
Electronic City,"8,093.12",0.06,8602
Electronic City,"6,429.21",0.06,6833
Electronic City,"6,486.04",0.06,6894
Electronic City,"5,273.77",0.06,5605
Electronic City,"6,717.42",0.06,7140
Electronic City,"7,485.96",0.06,7956
Electronic City,"2,922.08",0.06,3106
Electronic City,"5,844.16",0.06,6211
Electronic City,"8,276.34",0.06,8796
Electronic City,"8,232.02",0.06,8749
Electronic City,"6,433.30",0.06,6838
Electronic City,"4,126.46",0.06,4386
Electronic City,"5,194.81",0.06,5521
Electronic City,"8,394.11",0.06,8922
Electronic City,"6,053.27",0.06,6434
Electronic City,"3,142.86",0.06,3340
Electronic City,"7,595.82",0.06,8073
Electronic City,"7,629.42",0.06,8109
Electronic City,"6,141.52",0.06,6527
Electronic City,"6,137.57",0.06,6523
Electronic City,"3,571.43",0.06,3796
Electronic City,"4,126.05",0.06,4385
Electronic City,"6,302.52",0.06,6699
Electronic City,"6,604.45",0.06,7020
Electronic City,"4,897.96",0.06,5206
Electronic City,"8,611.96",0.06,9153
Electronic City,"7,405.46",0.06,7871
Electronic City,"4,720.50",0.06,5017
Electronic City,"9,548.06",0.06,10148
Electronic City,"4,127.13",0.06,4387
Electronic City,"5,903.19",0.06,6274
Electronic City,"9,174.31",0.06,9751
Electronic City,"5,148.01",0.06,5472
Electronic City,"9,285.71",0.06,9869
Electronic City,"3,896.10",0.06,4141
Electronic City,"4,125.16",0.06,4384
Electronic City,"9,523.81",0.06,10122
Electronic City,"5,456.35",0.06,5799
Electronic City,"7,533.30",0.06,8007
Electronic City,"5,437.47",0.06,5779
Electronic City,"4,126.53",0.06,4386
Electronic City,"8,060.52",0.06,8567
Electronic City,"8,010.68",0.06,8514
Electronic City,"8,295.34",0.06,8817
Electronic City,"7,023.81",0.06,7465
Electronic City,"4,124.75",0.06,4384
Electronic City,"8,153.52",0.06,8666
HSR Layout,"10,989.01",0.08,11860
Electronic City,"5,251.31",0.06,5581
Electronic City,"7,343.12",0.06,7805
Electronic City,"7,816.71",0.06,8308
Electronic City,"7,540.07",0.06,8014
Electronic City,"7,178.01",0.06,7629
Electronic City,"4,524.89",0.06,4809
Electronic City,"3,896.10",0.06,4141
Indira Nagar,"16,338.26",0.1,18037
Electronic City,"3,246.75",0.06,3451
Electronic City,"5,857.14",0.06,6225
Electronic City,"7,428.57",0.06,7895
Electronic City,"6,986.22",0.06,7425
Electronic City,"8,163.27",0.06,8676
HSR Layout,"8,123.98",0.08,8768
Electronic City,"9,859.02",0.06,10479
Electronic City,"4,125.41",0.06,4385
Electronic City,"7,365.08",0.06,7828
Electronic City,"4,591.09",0.06,4880
Electronic City,"9,161.00",0.06,9737
Electronic City,"3,463.20",0.06,3681
Electronic City,"6,217.94",0.06,6609
Electronic City,"4,242.86",0.06,4510
Electronic City,"7,452.38",0.06,7921
Electronic City,"8,280.05",0.06,8800
Electronic City,"5,190.31",0.06,5517
Electronic City,"4,126.05",0.06,4385
Electronic City,"8,657.81",0.06,9202
Electronic City,"4,125.62",0.06,4385
Electronic City,"8,320.67",0.06,8844
Electronic City,"4,029.30",0.06,4283
Electronic City,"6,873.32",0.06,7305
Electronic City,"3,850.05",0.06,4092
Electronic City,"8,658.01",0.06,9202
Electronic City,"4,124.65",0.06,4384
Electronic City,"6,829.27",0.06,7258
Electronic City,"7,995.74",0.06,8498
Electronic City,"4,242.86",0.06,4510
Electronic City,"8,873.11",0.06,9431
Electronic City,"4,125.71",0.06,4385
Electronic City,"4,124.75",0.06,4384
Electronic City,"7,743.66",0.06,8230
Electronic City,"6,375.44",0.06,6776
Electronic City,"7,142.86",0.06,7592
Electronic City,"3,928.92",0.06,4176
Electronic City,"6,942.59",0.06,7379
Electronic City,"7,980.85",0.06,8482
Electronic City,"3,354.98",0.06,3566
Electronic City,"4,126.98",0.06,4386
Hebbal,"4,968.94",0.04,5189
Electronic City,"4,125.08",0.06,4384
Electronic City,"5,285.25",0.06,5617
Electronic City,"7,988.28",0.06,8490
Electronic City,"7,428.57",0.06,7895
Electronic City,"7,430.80",0.06,7898
Electronic City,"6,275.03",0.06,6669
Electronic City,"2,951.59",0.06,3137
Electronic City,"7,164.90",0.06,7615
Electronic City,"8,888.47",0.06,9447
Electronic City,"4,125.00",0.06,4384
Electronic City,"5,285.45",0.06,5618
Electronic City,"3,792.67",0.06,4031
Electronic City,"4,125.16",0.06,4384
Electronic City,"5,141.57",0.06,5465
Electronic City,"7,512.20",0.06,7984
Electronic City,"8,206.69",0.06,8722
Electronic City,"7,380.95",0.06,7845
Electronic City,"7,007.09",0.06,7447
Electronic City,"7,063.78",0.06,7508
Electronic City,"4,047.62",0.06,4302
Electronic City,"5,714.29",0.06,6073
Electronic City,"6,000.00",0.06,6377
Electronic City,"6,874.74",0.06,7307
Electronic City,"7,402.60",0.06,7868
Electronic City,"5,440.70",0.06,5783
Electronic City,"3,896.10",0.06,4141
Electronic City,"8,105.37",0.06,8615
Electronic City,"4,683.84",0.06,4978
Electronic City,"7,076.10",0.06,7521
Electronic City,"3,711.50",0.06,3945
Electronic City,"4,642.86",0.06,4935
Electronic City,"7,547.51",0.06,8022
Electronic City,"4,285.71",0.06,4555
Electronic City,"4,125.51",0.06,4385
Electronic City,"6,984.13",0.06,7423
Electronic City,"9,512.28",0.06,10110
Electronic City,"4,125.54",0.06,4385
Electronic City,"4,125.82",0.06,4385
Electronic City,"5,306.12",0.06,5640
Electronic City,"8,305.47",0.06,8827
Electronic City,"10,289.93",0.06,10937
Electronic City,"8,282.67",0.06,8803
Electronic City,"5,083.42",0.06,5403
Electronic City,"5,158.73",0.06,5483
Electronic City,"4,720.50",0.06,5017
Electronic City,"7,685.82",0.06,8169
Electronic City,"4,407.18",0.06,4684
Electronic City,"3,571.43",0.06,3796
Electronic City,"4,125.29",0.06,4385
Electronic City,"2,380.95",0.06,2531
Electronic City,"4,347.83",0.06,4621
Electronic City,"4,125.08",0.06,4384
Electronic City,"10,210.42",0.06,10852
Electronic City,"6,493.51",0.06,6902
Electronic City,"4,124.65",0.06,4384
Electronic City,"6,606.11",0.06,7021
Electronic City,"5,714.29",0.06,6073
Electronic City,"5,007.36",0.06,5322
Electronic City,"6,990.34",0.06,7430
Electronic City,"8,122.74",0.06,8633
HSR Layout,"12,143.47",0.08,13106
Electronic City,"5,324.68",0.06,5659
Electronic City,"4,688.64",0.06,4983
Electronic City,"4,378.28",0.06,4653
Electronic City,"6,408.54",0.06,6811
Electronic City,"5,172.41",0.06,5497
Electronic City,"7,352.94",0.06,7815
Electronic City,"8,289.01",0.06,8810
Electronic City,"6,420.55",0.06,6824
Electronic City,"4,124.75",0.06,4384
Electronic City,"4,056.28",0.06,4311
Electronic City,"6,060.61",0.06,6441
Electronic City,"4,821.43",0.06,5124
Electronic City,"6,092.44",0.06,6475
Electronic City,"4,127.55",0.06,4387
Electronic City,"4,126.09",0.06,4385
Electronic City,"4,126.83",0.06,4386
Electronic City,"5,172.41",0.06,5497
Electronic City,"3,571.43",0.06,3796
Electronic City,"9,183.67",0.06,9761
Electronic City,"6,105.01",0.06,6489
Electronic City,"9,709.29",0.06,10319
Electronic City,"8,761.08",0.06,9312
Electronic City,"6,968.64",0.06,7407
Electronic City,"4,240.60",0.06,4507
Electronic City,"7,343.12",0.06,7805
Electronic City,"7,664.47",0.06,8146
Electronic City,"7,843.14",0.06,8336
Electronic City,"5,035.25",0.06,5352
Electronic City,"7,050.09",0.06,7493
Electronic City,"4,125.00",0.06,4384
Electronic City,"5,653.16",0.06,6008
Electronic City,"5,135.14",0.06,5458
Electronic City,"5,286.12",0.06,5618
Electronic City,"4,978.35",0.06,5291
Electronic City,"8,045.71",0.06,8551
Electronic City,"7,085.71",0.06,7531
Electronic City,"4,239.50",0.06,4506
Electronic City,"4,125.44",0.06,4385
Electronic City,"8,206.69",0.06,8722
Hebbal,"11,208.79",0.04,11705
Electronic City,"4,127.63",0.06,4387
Electronic City,"4,125.29",0.06,4385
Electronic City,"7,412.40",0.06,7878
Electronic City,"4,278.57",0.06,4547
Electronic City,"3,940.89",0.06,4189
Electronic City,"7,107.00",0.06,7554
Electronic City,"7,058.16",0.06,7502
Electronic City,"4,125.31",0.06,4385
Electronic City,"4,125.71",0.06,4385
HSR Layout,"13,978.19",0.08,15086
Electronic City,"7,412.40",0.06,7878
Electronic City,"4,126.19",0.06,4386
Electronic City,"7,918.91",0.06,8417
Electronic City,"3,896.10",0.06,4141
Electronic City,"8,485.31",0.06,9019
Electronic City,"7,610.15",0.06,8088
Electronic City,"7,563.03",0.06,8038
Electronic City,"5,400.58",0.06,5740
Electronic City,"6,930.09",0.06,7366
HSR Layout,"6,856.15",0.08,7399
Electronic City,"6,493.51",0.06,6902
Hebbal,"13,642.56",0.04,14247
Electronic City,"8,010.68",0.06,8514
Electronic City,"4,126.53",0.06,4386
Electronic City,"5,042.02",0.06,5359
BTM Layout,"4,166.67",0.04,4315
Electronic City,"3,084.42",0.06,3278
Electronic City,"4,730.43",0.06,5028
Electronic City,"4,155.84",0.06,4417
Electronic City,"8,580.27",0.06,9120
Electronic City,"4,126.30",0.06,4386
Electronic City,"7,956.01",0.06,8456
Electronic City,"5,154.64",0.06,5479
BTM Layout,"5,714.29",0.04,5918
Electronic City,"6,952.38",0.06,7389
Electronic City,"6,891.60",0.06,7325
Electronic City,"9,580.58",0.06,10183
Electronic City,"4,125.54",0.06,4385
Electronic City,"4,155.84",0.06,4417
Electronic City,"8,042.05",0.06,8547
Electronic City,"3,572.06",0.06,3797
Electronic City,"5,194.81",0.06,5521
Hebbal,"7,341.51",0.04,7667
Electronic City,"8,571.43",0.06,9110
Electronic City,"6,408.54",0.06,6811
Electronic City,"7,526.13",0.06,7999
Electronic City,"6,666.67",0.06,7086
Electronic City,"6,142.86",0.06,6529
Electronic City,"4,126.57",0.06,4386
Electronic City,"3,714.29",0.06,3948
Electronic City,"7,696.36",0.06,8180
Electronic City,"6,826.68",0.06,7256
Electronic City,"7,008.09",0.06,7449
Hebbal,"9,983.77",0.04,10426
BTM Layout,"6,408.54",0.04,6637
Hebbal,"8,947.37",0.04,9344
Electronic City,"4,352.56",0.06,4626
Hebbal,"10,399.24",0.04,10860
Electronic City,"6,008.01",0.06,6386
Hebbal,"10,551.95",0.04,11019
Hebbal,"14,583.33",0.04,15229
Hebbal,"10,766.05",0.04,11243
Hebbal,"9,970.24",0.04,10412
Hebbal,"14,285.71",0.04,14918
Hebbal,"8,761.62",0.04,9150
Hebbal,"10,378.06",0.04,10838
Hebbal,"6,428.57",0.04,6713
Hebbal,"6,894.65",0.04,7200
Electronic City,"3,571.43",0.06,3796
Hebbal,"8,842.34",0.04,9234
Hebbal,"8,842.38",0.04,9234
Hebbal,"10,135.67",0.04,10584
Hebbal,"6,209.30",0.04,6484
Hebbal,"13,602.02",0.04,14204
Hebbal,"7,142.86",0.04,7459
Hebbal,"6,493.51",0.04,6781
Hebbal,"9,676.28",0.04,10105
Hebbal,"6,910.30",0.04,7216
Hebbal,"6,868.13",0.04,7172
Hebbal,"14,138.67",0.04,14765
Hebbal,"8,842.34",0.04,9234
Hebbal,"6,151.88",0.04,6424
Hebbal,"12,374.25",0.04,12922
Hebbal,"6,117.87",0.04,6389
Hebbal,"6,318.68",0.04,6598
Hebbal,"9,998.99",0.04,10442
Electronic City,"4,125.41",0.06,4385
Hebbal,"6,103.90",0.04,6374
Electronic City,"4,142.86",0.06,4403
Electronic City,"4,242.86",0.06,4510
Hebbal,"10,420.17",0.04,10882
Hebbal,"6,912.44",0.04,7219
Hebbal,"6,512.01",0.04,6800
Hebbal,"9,998.99",0.04,10442
Hebbal,"8,842.38",0.04,9234
Hebbal,"11,408.73",0.04,11914
Hebbal,"7,012.99",0.04,7324
Hebbal,"8,842.38",0.04,9234
Hebbal,"16,122.45",0.04,16836
Hebbal,"10,714.29",0.04,11189
Hebbal,"8,842.34",0.04,9234
HSR Layout,"12,241.86",0.08,13212
Hebbal,"10,764.59",0.04,11241
Hebbal,"9,956.71",0.04,10398
Hebbal,"7,616.97",0.04,7954
Hebbal,"11,723.84",0.04,12243
Hebbal,"12,019.23",0.04,12551
Electronic City,"4,962.41",0.06,5274
Hebbal,"8,842.38",0.04,9234
Hebbal,"10,714.29",0.04,11189
Hebbal,"10,160.66",0.04,10611
Hebbal,"10,132.47",0.04,10581
Hebbal,"10,508.03",0.04,10973
Hebbal,"9,983.77",0.04,10426
Hebbal,"10,421.19",0.04,10883
Electronic City,"7,446.81",0.06,7915
BTM Layout,"8,928.57",0.04,9247
Hebbal,"10,244.74",0.04,10698
Hebbal,"10,160.66",0.04,10611
Hebbal,"8,842.34",0.04,9234
Hebbal,"8,106.65",0.04,8466
Hebbal,"10,391.20",0.04,10851
Hebbal,"17,451.30",0.04,18224
Hebbal,"11,984.13",0.04,12515
Hebbal,"10,813.89",0.04,11293
Hebbal,"6,454.39",0.04,6740
Hebbal,"8,217.94",0.04,8582
BTM Layout,"9,090.91",0.04,9415
Hebbal,"10,813.89",0.04,11293
Hebbal,"8,068.54",0.04,8426
Hebbal,"10,356.88",0.04,10815
Hebbal,"8,842.34",0.04,9234
Hebbal,"11,479.59",0.04,11988
Hebbal,"24,458.87",0.04,25542
Hebbal,"10,244.74",0.04,10698
Hebbal,"8,842.34",0.04,9234
Electronic City,"7,620.90",0.06,8100
Hebbal,"13,808.69",0.04,14420
Hebbal,"6,348.57",0.04,6630
Hebbal,"5,833.33",0.04,6092
Hebbal,"8,140.76",0.04,8501
Hebbal,"11,862.82",0.04,12388
Hebbal,"10,997.47",0.04,11484
Hebbal,"7,142.86",0.04,7459
Hebbal,"10,160.66",0.04,10611
Hebbal,"17,192.98",0.04,17954
Hebbal,"9,763.62",0.04,10196
Hebbal,"10,716.96",0.04,11191
Hebbal,"5,339.35",0.04,5576
Hebbal,"8,842.38",0.04,9234
Hebbal,"10,727.76",0.04,11203
Hebbal,"14,409.94",0.04,15048
Hebbal,"5,512.17",0.04,5756
Hebbal,"11,111.11",0.04,11603
Hebbal,"7,296.47",0.04,7620
Hebbal,"6,190.48",0.04,6465
Hebbal,"10,813.89",0.04,11293
Hebbal,"11,145.64",0.04,11639
Hebbal,"10,160.66",0.04,10611
Hebbal,"10,934.07",0.04,11418
Electronic City,"7,169.61",0.06,7620
Electronic City,"6,453.88",0.06,6859
Hebbal,"10,302.71",0.04,10759
Hebbal,"7,593.31",0.04,7930
Hebbal,"6,190.48",0.04,6465
Hebbal,"8,992.02",0.04,9390
Hebbal,"9,848.48",0.04,10285
Hebbal,"11,665.47",0.04,12182
Hebbal,"7,554.95",0.04,7889
Hebbal,"7,061.38",0.04,7374
Hebbal,"6,832.30",0.04,7135
Hebbal,"10,714.29",0.04,11189
Hebbal,"6,910.30",0.04,7216
Electronic City,"7,502.00",0.06,7973
Hebbal,"5,454.55",0.04,5696
Hebbal,"5,714.29",0.04,5967
Hebbal,"4,935.06",0.04,5154
Hebbal,"14,304.05",0.04,14937
Hebbal,"9,813.29",0.04,10248
Hebbal,"6,571.43",0.04,6862
Hebbal,"8,842.38",0.04,9234
Hebbal,"9,998.99",0.04,10442
Hebbal,"8,625.34",0.04,9007
Hebbal,"12,987.01",0.04,13562
Hebbal,"5,996.80",0.04,6262
Hebbal,"8,482.91",0.04,8859
Hebbal,"7,792.21",0.04,8137
Hebbal,"10,667.55",0.04,11140
Hebbal,"8,842.34",0.04,9234
Electronic City,"4,126.53",0.06,4386
Hebbal,"10,160.66",0.04,10611
Electronic City,"8,389.06",0.06,8916
Electronic City,"7,058.67",0.06,7502
Hebbal,"9,970.24",0.04,10412
Hebbal,"9,740.26",0.04,10172
Hebbal,"11,160.71",0.04,11655
Hebbal,"9,985.92",0.04,10428
Hebbal,"10,497.49",0.04,10962
BTM Layout,"7,327.99",0.04,7589
Hebbal,"7,253.50",0.04,7575
Hebbal,"12,695.96",0.04,13258
Hebbal,"7,080.75",0.04,7394
Hebbal,"11,247.95",0.04,11746
Hebbal,"8,491.51",0.04,8868
Hebbal,"14,304.05",0.04,14937
Hebbal,"13,323.02",0.04,13913
Hebbal,"13,904.76",0.04,14520
Electronic City,"4,125.62",0.06,4385
Hebbal,"10,378.06",0.04,10838
Hebbal,"10,250.98",0.04,10705
HSR Layout,"5,714.29",0.08,6167
HSR Layout,"7,080.38",0.08,7641
HSR Layout,"6,493.51",0.08,7008
HSR Layout,"7,263.92",0.08,7840
HSR Layout,"12,987.01",0.08,14016
HSR Layout,"5,355.93",0.08,5780
HSR Layout,"5,764.41",0.08,6221
Electronic City,"6,593.41",0.06,7008
HSR Layout,"6,351.52",0.08,6855
HSR Layout,"7,755.10",0.08,8370
HSR Layout,"5,304.10",0.08,5724
HSR Layout,"6,120.46",0.08,6605
HSR Layout,"9,523.81",0.08,10278
HSR Layout,"5,764.41",0.08,6221
HSR Layout,"6,351.52",0.08,6855
Electronic City,"4,736.30",0.06,5034
HSR Layout,"5,764.41",0.08,6221
HSR Layout,"7,233.27",0.08,7806
HSR Layout,"8,619.60",0.08,9303
HSR Layout,"10,267.86",0.08,11081
HSR Layout,"5,988.77",0.08,6463
HSR Layout,"7,928.64",0.08,8557
HSR Layout,"10,769.23",0.08,11623
HSR Layout,"5,238.10",0.08,5653
HSR Layout,"5,764.41",0.08,6221
Electronic City,"3,541.00",0.06,3764
HSR Layout,"8,754.12",0.08,9448
Electronic City,"6,030.15",0.06,6409
HSR Layout,"5,567.23",0.08,6008
HSR Layout,"5,764.41",0.08,6221
HSR Layout,"5,739.24",0.08,6194
BTM Layout,"8,285.71",0.04,8581
HSR Layout,"8,131.10",0.08,8775
HSR Layout,"5,739.24",0.08,6194
HSR Layout,"11,315.42",0.08,12212
HSR Layout,"7,359.78",0.08,7943
HSR Layout,"8,550.05",0.08,9228
HSR Layout,"5,764.41",0.08,6221
HSR Layout,"5,764.41",0.08,6221
Electronic City,"3,714.29",0.06,3948
HSR Layout,"5,739.24",0.08,6194
HSR Layout,"7,928.64",0.08,8557
HSR Layout,"5,739.24",0.08,6194
HSR Layout,"5,714.29",0.08,6167
HSR Layout,"7,125.04",0.08,7690
HSR Layout,"12,129.38",0.08,13091
HSR Layout,"8,928.57",0.08,9636
HSR Layout,"5,764.41",0.08,6221
HSR Layout,"7,757.95",0.08,8373
Hebbal,"7,585.34",0.04,7921
HSR Layout,"6,894.95",0.08,7441
HSR Layout,"7,125.04",0.08,7690
HSR Layout,"5,764.41",0.08,6221
Electronic City,"7,513.23",0.06,7985
Indira Nagar,"11,071.43",0.1,12223
Indira Nagar,"13,297.87",0.1,14681
Indira Nagar,"16,836.73",0.1,18587
Indira Nagar,"17,316.02",0.1,19116
Indira Nagar,"9,600.00",0.1,10598
Indira Nagar,"12,042.50",0.1,13295
Indira Nagar,"12,254.90",0.1,13529
Indira Nagar,"15,527.95",0.1,17142
Electronic City,"5,536.33",0.06,5884
Indira Nagar,"17,142.86",0.1,18925
Indira Nagar,"12,183.98",0.1,13451
Indira Nagar,"12,476.61",0.1,13774
Indira Nagar,"16,520.89",0.1,18239
Indira Nagar,"17,142.86",0.1,18925
Indira Nagar,"17,136.27",0.1,18918
Indira Nagar,"11,337.87",0.1,12517
Indira Nagar,"15,681.44",0.1,17312
Indira Nagar,"19,047.62",0.1,21028
Electronic City,"4,125.71",0.06,4385
Electronic City,"4,125.71",0.06,4385
Indira Nagar,"12,605.04",0.1,13916
Indira Nagar,"16,561.74",0.1,18284
Indira Nagar,"11,428.57",0.1,12617
Indira Nagar,"10,389.61",0.1,11470
Indira Nagar,"17,316.02",0.1,19116
Indira Nagar,"13,605.44",0.1,15020
Electronic City,"4,125.71",0.06,4385
Indira Nagar,"16,163.12",0.1,17844
Electronic City,"7,150.04",0.06,7599
BTM Layout,"5,400.10",0.04,5592
Indira Nagar,"12,987.01",0.1,14337
Electronic City,"3,714.29",0.06,3948
Koramangala,"8,716.71",0.02,8921
Koramangala,"17,857.14",0.02,18277
Koramangala,"11,629.23",0.02,11902
Koramangala,"14,466.55",0.02,14806
Koramangala,"10,612.24",0.02,10862
Koramangala,"8,290.82",0.02,8486
Koramangala,"15,636.11",0.02,16003
Koramangala,"17,140.36",0.02,17543
Koramangala,"12,066.95",0.02,12350
Koramangala,"11,074.20",0.02,11334
Koramangala,"12,087.91",0.02,12372
Koramangala,"7,857.14",0.02,8042
Electronic City,"7,343.77",0.06,7805
Koramangala,"11,688.31",0.02,11963
Koramangala,"12,830.19",0.02,13132
Electronic City,"4,285.71",0.06,4555
Koramangala,"9,423.56",0.02,9645
Koramangala,"11,337.87",0.02,11604
Electronic City,"8,163.27",0.06,8676
Koramangala,"15,189.87",0.02,15547
Koramangala,"15,037.59",0.02,15391
Koramangala,"10,612.24",0.02,10862
Koramangala,"17,825.98",0.02,18245
Electronic City,"4,072.03",0.06,4328
Koramangala,"18,012.42",0.02,18436
Koramangala,"11,202.72",0.02,11466
Electronic City,"4,142.19",0.06,4403
Koramangala,"9,334.42",0.02,9554
Koramangala,"11,278.20",0.02,11543
Koramangala,"16,233.77",0.02,16615
Koramangala,"11,904.76",0.02,12184
Koramangala,"10,172.49",0.02,10411
Electronic City,"4,285.71",0.06,4555
Koramangala,"19,081.54",0.02,19530
Koramangala,"9,010.99",0.02,9223
Koramangala,"9,573.76",0.02,9799
Koramangala,"12,857.14",0.02,13159
Koramangala,"13,190.87",0.02,13501
Koramangala,"16,382.70",0.02,16768
Koramangala,"7,558.58",0.02,7736
Koramangala,"15,496.37",0.02,15860
Koramangala,"17,316.02",0.02,17723
Electronic City,"6,056.62",0.06,6437
Koramangala,"13,034.41",0.02,13341
Koramangala,"11,038.96",0.02,11298
Koramangala,"7,856.53",0.02,8041
Koramangala,"18,872.24",0.02,19316
Koramangala,"23,589.88",0.02,24144
Electronic City,"7,378.03",0.06,7842
Koramangala,"11,904.76",0.02,12184
Koramangala,"10,797.34",0.02,11051
Electronic City,"7,529.18",0.06,8002
Koramangala,"9,022.56",0.02,9235
Electronic City,"7,146.80",0.06,7596
Koramangala,"7,964.60",0.02,8152
Koramangala,"19,278.97",0.02,19732
Electronic City,"4,126.62",0.06,4386
Koramangala,"17,201.83",0.02,17606
Koramangala,"18,756.70",0.02,19197
Koramangala,"8,022.92",0.02,8211
Koramangala,"17,316.02",0.02,17723
Koramangala,"10,899.47",0.02,11156
Electronic City,"4,037.27",0.06,4291
Koramangala,"10,005.22",0.02,10240
Koramangala,"17,316.02",0.02,17723
Koramangala,"17,543.86",0.02,17956
Koramangala,"21,008.40",0.02,21502
Koramangala,"10,015.81",0.02,10251
Koramangala,"15,178.57",0.02,15535
Koramangala,"11,337.87",0.02,11604
Koramangala,"11,219.15",0.02,11483
Koramangala,"23,141.97",0.02,23686
Electronic City,"7,900.30",0.06,8397
Koramangala,"12,500.00",0.02,12794
HSR Layout,"6,250.00",0.08,6745
Electronic City,"4,240.60",0.06,4507
Electronic City,"7,114.29",0.06,7561
Hebbal,"13,664.60",0.04,14270
Electronic City,"7,179.19",0.06,7630
HSR Layout,"9,438.01",0.08,10186
Electronic City,"6,737.37",0.06,7161
Electronic City,"12,543.55",0.06,13332
Electronic City,"7,416.70",0.06,7883
Electronic City,"6,530.61",0.06,6941
BTM Layout,"6,211.18",0.04,6432
Electronic City,"4,125.71",0.06,4385
Marathahalli,"6,897.49",0.04,7171
Electronic City,"4,125.41",0.06,4385
Marathahalli,"6,674.47",0.04,6939
Marathahalli,"6,190.48",0.04,6436
Marathahalli,"7,142.86",0.04,7426
Marathahalli,"10,346.61",0.04,10757
Marathahalli,"7,061.65",0.04,7342
Marathahalli,"9,291.52",0.04,9660
Marathahalli,"6,988.64",0.04,7266
Marathahalli,"7,877.72",0.04,8190
Electronic City,"8,253.97",0.06,8773
Marathahalli,"5,395.17",0.04,5609
BTM Layout,"14,285.71",0.04,14794
Marathahalli,"6,471.31",0.04,6728
Marathahalli,"6,990.05",0.04,7268
Marathahalli,"7,714.29",0.04,8020
Marathahalli,"6,615.93",0.04,6879
Marathahalli,"7,074.83",0.04,7356
Marathahalli,"11,800.28",0.04,12269
Electronic City,"5,672.27",0.06,6029
Marathahalli,"6,944.44",0.04,7220
Marathahalli,"7,985.80",0.04,8303
Hebbal,"10,898.73",0.04,11381
Marathahalli,"8,726.00",0.04,9072
Marathahalli,"8,655.06",0.04,8999
Marathahalli,"5,959.48",0.04,6196
Electronic City,"7,557.60",0.06,8033
Marathahalli,"6,956.12",0.04,7232
Electronic City,"7,664.96",0.06,8147
Marathahalli,"7,608.70",0.04,7911
Marathahalli,"6,560.85",0.04,6821
Marathahalli,"6,874.68",0.04,7148
Electronic City,"4,240.05",0.06,4507
Marathahalli,"7,001.04",0.04,7279
Marathahalli,"9,475.68",0.04,9852
Marathahalli,"7,619.05",0.04,7921
Marathahalli,"6,747.32",0.04,7015
Marathahalli,"6,969.45",0.04,7246
Marathahalli,"6,920.63",0.04,7195
Marathahalli,"6,957.48",0.04,7234
Marathahalli,"9,248.12",0.04,9615
Electronic City,"4,125.31",0.06,4385
Marathahalli,"8,202.32",0.04,8528
Indira Nagar,"6,547.62",0.1,7228
Marathahalli,"7,553.37",0.04,7853
Marathahalli,"6,920.63",0.04,7195
Marathahalli,"7,639.98",0.04,7943
Marathahalli,"7,523.01",0.04,7822
Marathahalli,"8,278.15",0.04,8607
Marathahalli,"11,478.12",0.04,11934
Electronic City,"5,120.33",0.06,5442
Marathahalli,"9,919.14",0.04,10313
Marathahalli,"8,430.91",0.04,8766
Marathahalli,"10,325.25",0.04,10735
Marathahalli,"7,649.77",0.04,7953
Marathahalli,"9,100.53",0.04,9462
Electronic City,"5,714.29",0.06,6073
Marathahalli,"7,015.97",0.04,7294
Marathahalli,"6,620.21",0.04,6883
BTM Layout,"16,700.92",0.04,17296
Marathahalli,"6,904.76",0.04,7179
Marathahalli,"7,484.85",0.04,7782
Marathahalli,"9,836.66",0.04,10227
Indira Nagar,"11,466.79",0.1,12659
Marathahalli,"6,967.44",0.04,7244
Marathahalli,"10,819.33",0.04,11249
Marathahalli,"6,850.12",0.04,7122
Marathahalli,"6,869.17",0.04,7142
Marathahalli,"8,060.90",0.04,8381
Marathahalli,"9,417.99",0.04,9792
Marathahalli,"7,983.19",0.04,8300
Marathahalli,"5,928.37",0.04,6164
Marathahalli,"7,857.14",0.04,8169
Marathahalli,"8,354.22",0.04,8686
Marathahalli,"6,862.75",0.04,7135
Marathahalli,"8,520.93",0.04,8859
Marathahalli,"5,758.58",0.04,5987
Marathahalli,"8,891.52",0.04,9244
Marathahalli,"9,083.40",0.04,9444
Marathahalli,"10,378.12",0.04,10790
Marathahalli,"5,000.00",0.04,5198
HSR Layout,"11,525.97",0.08,12439
Marathahalli,"7,976.19",0.04,8293
Marathahalli,"7,827.79",0.04,8139
Marathahalli,"6,469.00",0.04,6726
Electronic City,"6,079.03",0.06,6461
Marathahalli,"8,843.54",0.04,9195
Marathahalli,"6,957.48",0.04,7234
Marathahalli,"6,954.89",0.04,7231
Marathahalli,"7,267.30",0.04,7556
Marathahalli,"6,908.67",0.04,7183
Electronic City,"8,605.85",0.06,9147
Marathahalli,"7,793.09",0.04,8102
Marathahalli,"7,332.49",0.04,7624
Electronic City,"5,632.79",0.06,5987
Marathahalli,"8,354.22",0.04,8686
Marathahalli,"11,160.71",0.04,11604
Marathahalli,"8,928.57",0.04,9283
Marathahalli,"8,900.52",0.04,9254
Marathahalli,"5,178.57",0.04,5384
Marathahalli,"9,274.12",0.04,9642
Marathahalli,"8,655.06",0.04,8999
Electronic City,"4,755.56",0.06,5054
Marathahalli,"7,065.50",0.04,7346
Marathahalli,"9,805.58",0.04,10195
Marathahalli,"7,377.60",0.04,7670
Marathahalli,"10,547.63",0.04,10966
Marathahalli,"10,547.63",0.04,10966
Marathahalli,"6,915.91",0.04,7190
Marathahalli,"7,881.77",0.04,8195
Marathahalli,"8,415.24",0.04,8749
Marathahalli,"9,496.28",0.04,9873
Marathahalli,"5,979.56",0.04,6217
Marathahalli,"6,925.00",0.04,7200
Marathahalli,"6,984.13",0.04,7261
Marathahalli,"8,424.91",0.04,8759
HSR Layout,"7,558.58",0.08,8158
Marathahalli,"7,771.43",0.04,8080
Hebbal,"12,698.41",0.04,13261
Marathahalli,"7,212.70",0.04,7499
Marathahalli,"9,523.81",0.04,9902
Electronic City,"4,481.79",0.06,4763
Marathahalli,"6,309.52",0.04,6560
Marathahalli,"14,880.95",0.04,15472
Indira Nagar,"8,510.64",0.1,9396
Marathahalli,"7,015.97",0.04,7294
Marathahalli,"6,764.57",0.04,7033
Marathahalli,"6,349.21",0.04,6601
Electronic City,"3,841.74",0.06,4083
Marathahalli,"10,476.19",0.04,10892
Marathahalli,"6,894.22",0.04,7168
Marathahalli,"14,534.88",0.04,15112
Electronic City,"4,962.41",0.06,5274
Marathahalli,"6,114.51",0.04,6357
Hebbal,"11,020.41",0.04,11508
HSR Layout,"11,878.37",0.08,12820
Marathahalli,"6,958.73",0.04,7235
BTM Layout,"8,290.16",0.04,8585
Marathahalli,"10,588.24",0.04,11009
Marathahalli,"6,518.20",0.04,6777
Marathahalli,"8,211.47",0.04,8537
Marathahalli,"6,629.32",0.04,6892
Marathahalli,"7,022.56",0.04,7301
Marathahalli,"7,834.10",0.04,8145
Marathahalli,"6,990.05",0.04,7268
Marathahalli,"8,116.88",0.04,8439
Electronic City,"6,606.11",0.06,7021
Marathahalli,"6,336.41",0.04,6588
Marathahalli,"11,278.20",0.04,11726
Marathahalli,"6,426.10",0.04,6681
Marathahalli,"7,551.92",0.04,7852
Marathahalli,"10,098.66",0.04,10500
Marathahalli,"10,378.51",0.04,10790
Marathahalli,"6,957.48",0.04,7234
Marathahalli,"7,735.95",0.04,8043
Marathahalli,"10,844.92",0.04,11275
Marathahalli,"10,609.24",0.04,11030
Marathahalli,"6,986.91",0.04,7264
Marathahalli,"7,539.68",0.04,7839
Marathahalli,"7,359.31",0.04,7651
Marathahalli,"8,998.88",0.04,9356
Marathahalli,"6,493.51",0.04,6751
Marathahalli,"6,921.88",0.04,7197
Marathahalli,"6,897.49",0.04,7171
Marathahalli,"8,658.01",0.04,9002
Marathahalli,"8,601.35",0.04,8943
Electronic City,"3,714.29",0.06,3948
HSR Layout,"11,599.51",0.08,12519
Hebbal,"11,904.76",0.04,12432
Sarjapur,"5,177.38",0.05,5423
Sarjapur,"5,007.04",0.05,5245
Sarjapur,"7,598.78",0.05,7960
Sarjapur,"5,666.06",0.05,5935
Electronic City,"3,734.83",0.06,3970
Electronic City,"6,896.55",0.06,7330
Electronic City,"6,257.14",0.06,6650
Sarjapur,"6,666.67",0.05,6983
Electronic City,"7,601.57",0.06,8079
Sarjapur,"4,901.96",0.05,5135
Sarjapur,"5,020.92",0.05,5259
Sarjapur,"5,069.12",0.05,5310
Sarjapur,"4,887.22",0.05,5119
Sarjapur,"7,559.76",0.05,7919
Sarjapur,"4,496.49",0.05,4710
Sarjapur,"3,861.00",0.05,4044
Sarjapur,"4,703.12",0.05,4927
HSR Layout,"6,893.69",0.08,7440
Sarjapur,"4,285.71",0.05,4489
Sarjapur,"4,938.88",0.05,5174
Sarjapur,"6,011.32",0.05,6297
Sarjapur,"2,857.14",0.05,2993
Electronic City,"4,124.65",0.06,4384
Sarjapur,"5,103.69",0.05,5346
Electronic City,"4,125.71",0.06,4385
Sarjapur,"3,857.14",0.05,4040
Sarjapur,"5,632.92",0.05,5901
Sarjapur,"5,428.37",0.05,5686
Sarjapur,"6,869.63",0.05,7196
Sarjapur,"5,865.10",0.05,6144
Sarjapur,"3,857.40",0.05,4041
Sarjapur,"4,378.76",0.05,4587
Sarjapur,"5,106.38",0.05,5349
Sarjapur,"4,965.44",0.05,5201
Sarjapur,"4,323.57",0.05,4529
Sarjapur,"5,813.95",0.05,6090
Sarjapur,"5,340.45",0.05,5594
Sarjapur,"4,652.44",0.05,4873
Sarjapur,"7,380.95",0.05,7732
Sarjapur,"4,441.27",0.05,4652
Sarjapur,"3,438.06",0.05,3601
Sarjapur,"5,378.15",0.05,5634
Sarjapur,"5,067.48",0.05,5308
Electronic City,"5,714.29",0.06,6073
Sarjapur,"4,988.66",0.05,5226
Sarjapur,"5,124.22",0.05,5368
Sarjapur,"15,666.49",0.05,16411
Sarjapur,"4,943.15",0.05,5178
Sarjapur,"5,093.17",0.05,5335
Sarjapur,"5,071.43",0.05,5312
Sarjapur,"5,358.48",0.05,5613
Sarjapur,"4,926.11",0.05,5160
BTM Layout,"9,341.14",0.04,9674
Sarjapur,"5,263.16",0.05,5513
Sarjapur,"8,565.52",0.05,8972
Sarjapur,"6,370.02",0.05,6673
Sarjapur,"5,870.84",0.05,6150
Sarjapur,"5,714.29",0.05,5986
Whitefield,"8,348.24",0.05,8788
Whitefield,"4,639.80",0.05,4884
Whitefield,"5,555.56",0.05,5848
Whitefield,"7,187.22",0.05,7566
Whitefield,"9,284.25",0.05,9774
Whitefield,"6,467.66",0.05,6809
Whitefield,"6,644.91",0.05,6995
Whitefield,"5,551.02",0.05,5844
Whitefield,"7,043.19",0.05,7414
Whitefield,"8,370.54",0.05,8812
Whitefield,"7,063.70",0.05,7436
Whitefield,"12,041.88",0.05,12677
Whitefield,"5,329.96",0.05,5611
Whitefield,"6,662.09",0.05,7013
Whitefield,"8,695.65",0.05,9154
Whitefield,"8,160.96",0.05,8591
Electronic City,"7,380.95",0.06,7845
Whitefield,"17,885.71",0.05,18829
Whitefield,"7,980.85",0.05,8402
Whitefield,"8,305.65",0.05,8743
Whitefield,"7,017.54",0.05,7387
Whitefield,"7,926.83",0.05,8345
Whitefield,"6,211.18",0.05,6539
Whitefield,"7,414.97",0.05,7806
Whitefield,"7,894.74",0.05,8311
Whitefield,"5,194.81",0.05,5469
Electronic City,"4,126.50",0.06,4386
Whitefield,"8,194.29",0.05,8626
Whitefield,"6,644.91",0.05,6995
Electronic City,"6,523.16",0.06,6933
Whitefield,"9,789.89",0.05,10306
Whitefield,"8,025.68",0.05,8449
Whitefield,"7,596.75",0.05,7997
Whitefield,"7,957.90",0.05,8377
Whitefield,"6,593.41",0.05,6941
Whitefield,"5,397.63",0.05,5682
Whitefield,"9,978.99",0.05,10505
Whitefield,"4,556.85",0.05,4797
Whitefield,"7,979.63",0.05,8400
Whitefield,"9,663.87",0.05,10173
Whitefield,"5,137.84",0.05,5409
Whitefield,"6,842.74",0.05,7203
Whitefield,"8,143.16",0.05,8572
Whitefield,"6,191.83",0.05,6518
Whitefield,"5,218.00",0.05,5493
Whitefield,"6,253.01",0.05,6583
Whitefield,"8,370.54",0.05,8812
Whitefield,"7,626.21",0.05,8028
Whitefield,"7,930.86",0.05,8349
Whitefield,"7,383.63",0.05,7773
Whitefield,"10,674.98",0.05,11238
HSR Layout,"10,832.26",0.08,11691
Whitefield,"4,623.59",0.05,4867
Electronic City,"3,571.43",0.06,3796
Whitefield,"6,674.70",0.05,7027
Whitefield,"8,509.11",0.05,8958
Whitefield,"6,857.59",0.05,7219
Whitefield,"4,822.18",0.05,5076
Whitefield,"5,977.90",0.05,6293
Whitefield,"7,819.36",0.05,8232
Whitefield,"7,931.50",0.05,8350
Whitefield,"7,873.02",0.05,8288
Whitefield,"9,486.61",0.05,9987
Whitefield,"13,682.09",0.05,14403
Whitefield,"9,091.67",0.05,9571
Whitefield,"6,876.11",0.05,7239
Whitefield,"8,658.01",0.05,9114
Whitefield,"7,421.15",0.05,7812
Whitefield,"6,538.73",0.05,6883
Whitefield,"7,426.82",0.05,7818
Whitefield,"9,281.02",0.05,9770
Whitefield,"7,642.56",0.05,8045
Whitefield,"6,875.48",0.05,7238
Whitefield,"5,612.24",0.05,5908
Electronic City,"7,570.21",0.06,8046
Whitefield,"9,782.61",0.05,10298
Whitefield,"4,966.28",0.05,5228
Electronic City,"7,783.25",0.06,8272
Whitefield,"8,669.11",0.05,9126
Whitefield,"9,583.44",0.05,10089
Whitefield,"8,730.16",0.05,9190
Whitefield,"9,420.16",0.05,9917
Electronic City,"7,294.83",0.06,7753
Whitefield,"8,043.22",0.05,8467
Whitefield,"6,222.45",0.05,6550
Whitefield,"7,878.38",0.05,8294
Whitefield,"10,281.39",0.05,10823
Whitefield,"6,802.72",0.05,7161
Whitefield,"5,650.99",0.05,5949
Whitefield,"10,206.96",0.05,10745
Whitefield,"11,725.42",0.05,12344
Whitefield,"4,428.57",0.05,4662
Whitefield,"5,465.84",0.05,5754
Whitefield,"5,803.57",0.05,6110
Whitefield,"6,832.30",0.05,7192
Electronic City,"4,125.71",0.06,4385
Electronic City,"4,125.00",0.06,4384
Whitefield,"6,214.56",0.05,6542
Whitefield,"9,680.95",0.05,10191
Whitefield,"4,551.20",0.05,4791
Whitefield,"4,585.54",0.05,4827
Electronic City,"6,428.57",0.06,6833
Whitefield,"14,097.74",0.05,14841
Whitefield,"7,596.75",0.05,7997
Whitefield,"7,810.15",0.05,8222
Whitefield,"5,714.29",0.05,6016
Whitefield,"7,307.27",0.05,7692
Electronic City,"6,316.03",0.06,6713
Whitefield,"8,443.09",0.05,8888
Whitefield,"7,304.67",0.05,7690
Whitefield,"5,977.90",0.05,6293
Whitefield,"5,000.00",0.05,5264
Whitefield,"5,922.49",0.05,6235
Whitefield,"10,005.05",0.05,10532
Whitefield,"5,457.14",0.05,5745
Whitefield,"4,887.22",0.05,5145
Whitefield,"4,742.15",0.05,4992
Whitefield,"8,368.20",0.05,8809
Whitefield,"11,658.46",0.05,12273
Whitefield,"6,493.51",0.05,6836
Whitefield,"8,228.57",0.05,8662
HSR Layout,"6,506.36",0.08,7022
Whitefield,"8,208.96",0.05,8642
Whitefield,"8,603.90",0.05,9057
Electronic City,"6,686.93",0.06,7107
Whitefield,"10,038.10",0.05,10567
Whitefield,"4,963.68",0.05,5225
Whitefield,"4,566.21",0.05,4807
Whitefield,"6,764.26",0.05,7121
Whitefield,"5,347.12",0.05,5629
Whitefield,"7,700.00",0.05,8106
Whitefield,"11,764.71",0.05,12385
Whitefield,"8,591.76",0.05,9045
Whitefield,"6,054.17",0.05,6373
Whitefield,"11,180.12",0.05,11769
Whitefield,"6,349.21",0.05,6684
Whitefield,"5,344.58",0.05,5626
Whitefield,"7,983.19",0.05,8404
Whitefield,"7,289.83",0.05,7674
Whitefield,"9,259.26",0.05,9747
Whitefield,"9,868.42",0.05,10389
Whitefield,"10,869.57",0.05,11443
Whitefield,"9,802.35",0.05,10319
Whitefield,"8,163.27",0.05,8594
Whitefield,"6,852.50",0.05,7214
Whitefield,"4,742.15",0.05,4992
Whitefield,"5,079.37",0.05,5347
Whitefield,"8,113.25",0.05,8541
Whitefield,"8,811.09",0.05,9276
Whitefield,"8,223.51",0.05,8657
Whitefield,"8,764.94",0.05,9227
Electronic City,"7,362.64",0.06,7825
Whitefield,"8,576.13",0.05,9028
Whitefield,"5,639.10",0.05,5936
Whitefield,"7,202.88",0.05,7583
Electronic City,"4,000.00",0.06,4251
Whitefield,"5,988.68",0.05,6304
Whitefield,"8,186.66",0.05,8618
Whitefield,"5,083.42",0.05,5351
Electronic City,"4,126.85",0.06,4386
Whitefield,"6,644.91",0.05,6995
Whitefield,"6,227.73",0.05,6556
Whitefield,"5,436.67",0.05,5723
Whitefield,"10,542.40",0.05,11098
Whitefield,"4,741.64",0.05,4992
Whitefield,"4,963.68",0.05,5225
Whitefield,"9,590.30",0.05,10096
Whitefield,"9,753.99",0.05,10268
Whitefield,"7,504.94",0.05,7901
Whitefield,"7,321.43",0.05,7707
Electronic City,"4,127.63",0.06,4387
Whitefield,"4,553.22",0.05,4793
Whitefield,"5,161.96",0.05,5434
Whitefield,"4,555.30",0.05,4795
Whitefield,"9,750.94",0.05,10265
Whitefield,"7,137.37",0.05,7514
Whitefield,"16,000.00",0.05,16843
Whitefield,"5,907.63",0.05,6219
Whitefield,"6,802.72",0.05,7161
Whitefield,"8,012.65",0.05,8435
Whitefield,"8,811.09",0.05,9276
Electronic City,"4,285.71",0.06,4555
Whitefield,"7,476.42",0.05,7871
Whitefield,"6,402.29",0.05,6740
Electronic City,"4,734.69",0.06,5032
Whitefield,"5,998.52",0.05,6315
Electronic City,"5,878.89",0.06,6248
Whitefield,"5,897.31",0.05,6208
Whitefield,"7,696.36",0.05,8102
Whitefield,"4,427.29",0.05,4661
Whitefield,"5,170.01",0.05,5443
Whitefield,"9,377.66",0.05,9872
Whitefield,"5,382.60",0.05,5666
Whitefield,"5,366.73",0.05,5650
Whitefield,"8,106.20",0.05,8534
Whitefield,"19,047.62",0.05,20052
Whitefield,"4,805.19",0.05,5059
Whitefield,"4,571.43",0.05,4812
Whitefield,"8,414.96",0.05,8859
Whitefield,"4,479.84",0.05,4716
Whitefield,"10,542.40",0.05,11098
Whitefield,"10,742.42",0.05,11309
Whitefield,"9,356.38",0.05,9850
Whitefield,"9,284.27",0.05,9774
Whitefield,"8,221.41",0.05,8655
Electronic City,"4,126.85",0.06,4386
Whitefield,"5,597.01",0.05,5892
Electronic City,"4,127.55",0.06,4387
Whitefield,"9,566.61",0.05,10071
Whitefield,"9,371.43",0.05,9865
Whitefield,"5,836.19",0.05,6144
Whitefield,"4,942.74",0.05,5203
Whitefield,"10,084.03",0.05,10616
Electronic City,"4,125.82",0.06,4385
Whitefield,"9,523.81",0.05,10026
Whitefield,"10,673.23",0.05,11236
Whitefield,"8,811.09",0.05,9276
Whitefield,"4,716.98",0.05,4966
Electronic City,"7,087.27",0.06,7533
Whitefield,"10,358.22",0.05,10904
Whitefield,"5,714.29",0.05,6016
Whitefield,"8,474.58",0.05,8921
Whitefield,"7,700.89",0.05,8107
Electronic City,"4,125.31",0.06,4385
Whitefield,"9,180.14",0.05,9664
Whitefield,"7,899.32",0.05,8316
Whitefield,"6,074.86",0.05,6395
Whitefield,"6,506.18",0.05,6849
Whitefield,"6,624.91",0.05,6974
HSR Layout,"11,607.14",0.08,12527
Whitefield,"6,723.62",0.05,7078
Whitefield,"4,536.91",0.05,4776
Whitefield,"7,871.24",0.05,8286
Whitefield,"8,854.78",0.05,9322
Whitefield,"6,832.30",0.05,7192
Whitefield,"6,160.71",0.05,6485
Whitefield,"8,659.68",0.05,9116
Whitefield,"7,462.15",0.05,7856
Electronic City,"7,050.09",0.06,7493
Whitefield,"4,921.97",0.05,5181
Whitefield,"4,569.11",0.05,4810
Whitefield,"8,372.90",0.05,8814
Electronic City,"7,301.59",0.06,7760
Whitefield,"11,583.01",0.05,12194
Whitefield,"9,966.78",0.05,10492
Whitefield,"5,012.53",0.05,5277
Whitefield,"8,811.09",0.05,9276
Whitefield,"9,991.57",0.05,10518
Whitefield,"10,997.22",0.05,11577
Whitefield,"13,947.49",0.05,14683
Whitefield,"7,046.76",0.05,7418
Whitefield,"6,875.48",0.05,7238
Whitefield,"4,571.43",0.05,4812
Whitefield,"5,691.67",0.05,5992
Whitefield,"6,753.25",0.05,7109
Whitefield,"10,184.91",0.05,10722
Whitefield,"9,726.11",0.05,10239
Whitefield,"5,967.30",0.05,6282
Whitefield,"7,945.34",0.05,8364
Whitefield,"7,282.91",0.05,7667
Whitefield,"4,823.75",0.05,5078
Whitefield,"7,762.61",0.05,8172
Whitefield,"9,633.46",0.05,10141
Whitefield,"8,408.98",0.05,8852
Whitefield,"9,408.11",0.05,9904
Whitefield,"7,570.98",0.05,7970
Whitefield,"6,265.66",0.05,6596
Whitefield,"8,252.34",0.05,8687
Whitefield,"8,811.09",0.05,9276
Electronic City,"3,076.92",0.06,3270
Whitefield,"8,149.96",0.05,8580
Electronic City,"8,541.97",0.06,9079
Whitefield,"10,060.36",0.05,10591
Whitefield,"5,766.67",0.05,6071
Whitefield,"8,303.00",0.05,8741
Whitefield,"7,457.26",0.05,7850
Whitefield,"5,488.30",0.05,5778
Whitefield,"8,571.43",0.05,9023
Whitefield,"8,007.28",0.05,8429
Whitefield,"9,871.95",0.05,10392
Whitefield,"8,064.52",0.05,8490
Whitefield,"8,517.39",0.05,8966
Whitefield,"4,703.12",0.05,4951
Whitefield,"8,112.87",0.05,8541
Whitefield,"10,613.46",0.05,11173
Whitefield,"6,302.52",0.05,6635
Hebbal,"7,461.20",0.04,7792
Whitefield,"4,999.24",0.05,5263
Whitefield,"4,464.29",0.05,4700
Whitefield,"6,169.64",0.05,6495
Whitefield,"6,876.11",0.05,7239
Whitefield,"68,563.79",0.05,72178
Whitefield,"8,220.10",0.05,8653
Electronic City,"4,844.72",0.06,5149
Whitefield,"8,482.14",0.05,8929
Whitefield,"9,322.40",0.05,9814
Whitefield,"7,799.67",0.05,8211
Whitefield,"9,312.17",0.05,9803
Whitefield,"6,102.64",0.05,6424
Whitefield,"9,398.50",0.05,9894
Whitefield,"10,767.59",0.05,11335
Whitefield,"7,683.07",0.05,8088
Whitefield,"7,467.93",0.05,7862
Whitefield,"7,335.33",0.05,7722
Whitefield,"8,441.56",0.05,8887
Whitefield,"6,038.96",0.05,6357
Whitefield,"7,311.59",0.05,7697
Whitefield,"11,962.05",0.05,12593
Whitefield,"8,576.13",0.05,9028
Whitefield,"7,300.19",0.05,7685
Whitefield,"13,151.93",0.05,13845
Whitefield,"6,751.05",0.05,7107
Electronic City,"4,125.62",0.06,4385
Whitefield,"7,002.80",0.05,7372
Whitefield,"6,333.57",0.05,6667
HSR Layout,"8,035.71",0.08,8672
Whitefield,"4,573.35",0.05,4814
Whitefield,"9,218.64",0.05,9705
Whitefield,"7,082.83",0.05,7456
Whitefield,"8,251.23",0.05,8686
Whitefield,"7,857.14",0.05,8271
Whitefield,"9,322.03",0.05,9813
Whitefield,"9,279.04",0.05,9768
BTM Layout,"14,040.82",0.04,14541
Whitefield,"9,132.42",0.05,9614
Whitefield,"6,816.06",0.05,7175
Whitefield,"4,802.96",0.05,5056
Whitefield,"8,187.46",0.05,8619
Whitefield,"4,995.03",0.05,5258
Electronic City,"4,125.44",0.06,4385
Whitefield,"6,688.96",0.05,7042
Whitefield,"4,371.00",0.05,4601
Whitefield,"8,485.57",0.05,8933
Whitefield,"12,987.01",0.05,13672
Whitefield,"9,495.04",0.05,9996
Electronic City,"3,929.00",0.06,4176
Whitefield,"8,778.47",0.05,9241
Whitefield,"4,551.20",0.05,4791
Whitefield,"7,689.19",0.05,8095
Whitefield,"6,644.91",0.05,6995
Whitefield,"9,326.24",0.05,9818
Whitefield,"8,869.70",0.05,9337
Whitefield,"7,035.18",0.05,7406
Whitefield,"6,160.38",0.05,6485
Whitefield,"4,860.70",0.05,5117
Whitefield,"9,714.29",0.05,10226
Whitefield,"6,650.86",0.05,7001
Whitefield,"8,613.94",0.05,9068
Whitefield,"10,989.01",0.05,11568
Whitefield,"6,857.14",0.05,7219
Whitefield,"4,428.90",0.05,4662
Electronic City,"7,644.91",0.06,8125
Whitefield,"5,693.00",0.05,5993
Whitefield,"7,832.08",0.05,8245
Whitefield,"6,837.61",0.05,7198
Whitefield,"8,068.82",0.05,8494
Whitefield,"7,399.79",0.05,7790
HSR Layout,"11,142.86",0.08,12026
Whitefield,"5,945.10",0.05,6258
Whitefield,"8,403.36",0.05,8846
Whitefield,"4,576.60",0.05,4818
Whitefield,"10,573.68",0.05,11131
Whitefield,"10,421.55",0.05,10971
Whitefield,"6,644.91",0.05,6995
Whitefield,"6,182.85",0.05,6509
Whitefield,"11,404.24",0.05,12005
Whitefield,"4,554.31",0.05,4794
Whitefield,"5,839.42",0.05,6147
Whitefield,"5,850.34",0.05,6159
Whitefield,"6,857.33",0.05,7219
BTM Layout,"16,640.32",0.04,17233
Whitefield,"8,458.65",0.05,8905
Whitefield,"6,785.10",0.05,7143
Whitefield,"7,572.66",0.05,7972
Electronic City,"4,734.69",0.06,5032
Whitefield,"4,984.80",0.05,5248
BTM Layout,"9,183.67",0.04,9511
Whitefield,"5,975.01",0.05,6290
Whitefield,"4,568.28",0.05,4809
Whitefield,"5,714.29",0.05,6016
Whitefield,"8,067.29",0.05,8493
Whitefield,"7,781.01",0.05,8191
Whitefield,"5,640.53",0.05,5938
Whitefield,"8,571.43",0.05,9023
Whitefield,"6,440.28",0.05,6780
Whitefield,"6,241.68",0.05,6571
Whitefield,"5,714.29",0.05,6016
Whitefield,"6,892.23",0.05,7256
Whitefield,"7,115.28",0.05,7490
Whitefield,"8,333.33",0.05,8773
Whitefield,"7,881.77",0.05,8297
Whitefield,"5,194.81",0.05,5469
Electronic City,"6,084.66",0.06,6467
Whitefield,"8,811.09",0.05,9276
Electronic City,"4,125.54",0.06,4385
Whitefield,"6,364.92",0.05,6700
Whitefield,"9,663.32",0.05,10173
Whitefield,"8,753.50",0.05,9215
Whitefield,"9,753.99",0.05,10268
Whitefield,"6,978.65",0.05,7347
Whitefield,"4,155.84",0.05,4375
Whitefield,"5,405.41",0.05,5690
Whitefield,"6,079.03",0.05,6399
Whitefield,"12,373.45",0.05,13026
Whitefield,"9,466.44",0.05,9965
Whitefield,"11,811.02",0.05,12434
Whitefield,"7,550.24",0.05,7948
Whitefield,"9,523.81",0.05,10026
BTM Layout,"8,333.33",0.04,8630
Whitefield,"8,915.46",0.05,9385
HSR Layout,"15,016.23",0.08,16206
Whitefield,"5,712.79",0.05,6014
Electronic City,"4,000.32",0.06,4252
Whitefield,"10,295.13",0.05,10838
Whitefield,"10,631.23",0.05,11192
Whitefield,"7,453.42",0.05,7846
Electronic City,"4,428.29",0.06,4707
Whitefield,"5,849.27",0.05,6158
Electronic City,"4,143.49",0.06,4404
Whitefield,"9,408.11",0.05,9904
Whitefield,"4,723.50",0.05,4973
Whitefield,"6,003.26",0.05,6320
Whitefield,"9,326.24",0.05,9818
Electronic City,"4,260.65",0.06,4528
Whitefield,"11,282.47",0.05,11877
Whitefield,"10,322.05",0.05,10866
Whitefield,"5,702.49",0.05,6003
Whitefield,"6,303.72",0.05,6636
Whitefield,"6,373.63",0.05,6710
Electronic City,"4,126.50",0.06,4386
Whitefield,"5,000.76",0.05,5264
Yelahanka,"6,696.43",0.02,6856
Yelahanka,"8,403.36",0.02,8603
Yelahanka,"10,550.11",0.02,10801
Yelahanka,"5,426.79",0.02,5556
Yelahanka,"5,878.31",0.02,6018
Yelahanka,"6,211.18",0.02,6359
Electronic City,"4,125.51",0.06,4385
Yelahanka,"5,714.29",0.02,5850
Yelahanka,"6,084.70",0.02,6230
Yelahanka,"5,428.57",0.02,5558
Yelahanka,"5,306.12",0.02,5432
Yelahanka,"7,959.78",0.02,8149
Yelahanka,"4,851.75",0.02,4967
Yelahanka,"9,261.40",0.02,9482
Yelahanka,"9,234.11",0.02,9454
Yelahanka,"7,631.26",0.02,7813
Yelahanka,"6,429.06",0.02,6582
Yelahanka,"7,015.31",0.02,7182
Yelahanka,"5,850.26",0.02,5989
Yelahanka,"8,265.54",0.02,8462
Yelahanka,"6,843.85",0.02,7007
Yelahanka,"8,408.57",0.02,8609
Yelahanka,"5,428.78",0.02,5558
Yelahanka,"13,231.42",0.02,13546
Yelahanka,"11,153.45",0.02,11419
Yelahanka,"6,420.55",0.02,6573
Yelahanka,"6,454.15",0.02,6608
Yelahanka,"5,714.29",0.02,5850
Electronic City,"7,416.70",0.06,7883
Yelahanka,"6,213.66",0.02,6362
Electronic City,"5,789.80",0.06,6154
Electronic City,"7,115.49",0.06,7563
Yelahanka,"5,478.20",0.02,5609
Hebbal,"13,205.28",0.04,13790
Yelahanka,"5,426.09",0.02,5555
Yelahanka,"7,142.86",0.02,7313
Yelahanka,"8,219.18",0.02,8415
Yelahanka,"8,555.39",0.02,8759
Yelahanka,"8,654.69",0.02,8861
Yelahanka,"10,204.08",0.02,10447
Yelahanka,"6,038.29",0.02,6182
Yelahanka,"5,084.75",0.02,5206
Yelahanka,"5,746.11",0.02,5883
Yelahanka,"7,494.15",0.02,7672
Electronic City,"4,125.08",0.06,4384
Yelahanka,"5,708.72",0.02,5845
Yelahanka,"7,185.23",0.02,7356
Electronic City,"4,726.10",0.06,5023
Yelahanka,"6,428.57",0.02,6582
Electronic City,"4,126.53",0.06,4386
Yelahanka,"5,429.47",0.02,5559
Yelahanka,"9,150.61",0.02,9368
Yelahanka,"6,772.95",0.02,6934
BTM Layout,"6,103.90",0.04,6321
Yelahanka,"6,842.46",0.02,7005
Yelahanka,"8,848.75",0.02,9059
Yelahanka,"6,658.60",0.02,6817
Yelahanka,"10,370.75",0.02,10618
Yelahanka,"10,644.26",0.02,10898
Yelahanka,"8,773.90",0.02,8983
Electronic City,"4,325.73",0.06,4598
Yelahanka,"8,218.37",0.02,8414
Yelahanka,"6,624.22",0.02,6782
Electronic City,"4,224.27",0.06,4490
Yelahanka,"9,293.28",0.02,9514
Yelahanka,"9,090.91",0.02,9307
Yelahanka,"6,140.92",0.02,6287
Yelahanka,"6,000.00",0.02,6143
Yelahanka,"4,571.43",0.02,4680
Yelahanka,"7,802.05",0.02,7988
Yelahanka,"6,712.04",0.02,6872
Yelahanka,"5,390.84",0.02,5519
Yelahanka,"6,141.92",0.02,6288
Yelahanka,"7,007.77",0.02,7175
Yelahanka,"7,271.47",0.02,7445
Electronic City,"7,113.22",0.06,7560
Yelahanka,"6,712.23",0.02,6872
Yelahanka,"6,711.54",0.02,6871
Yelahanka,"6,054.17",0.02,6198
Yelahanka,"8,325.01",0.02,8523
Yelahanka,"6,428.57",0.02,6582
Hebbal,"15,178.57",0.04,15851
Yelahanka,"8,104.60",0.02,8297
Yelahanka,"5,428.85",0.02,5558
Yelahanka,"5,161.22",0.02,5284
Yelahanka,"7,792.21",0.02,7978
HSR Layout,"7,659.28",0.08,8266
Yelahanka,"8,851.12",0.02,9062
Yelahanka,"8,163.27",0.02,8358
Yelahanka,"7,895.70",0.02,8084
Electronic City,"4,168.67",0.06,4431
Yelahanka,"7,542.15",0.02,7722
Electronic City,"5,383.88",0.06,5722
Yelahanka,"5,581.40",0.02,5714
Yelahanka,"5,429.34",0.02,5559
BTM Layout,"7,066.05",0.04,7318
Yelahanka,"6,712.02",0.02,6872
Yelahanka,"6,740.99",0.02,6901
Yelahanka,"6,113.04",0.02,6259
HSR Layout,"12,142.86",0.08,13105
Electronic City,"4,761.90",0.06,5061
Yelahanka,"8,299.39",0.02,8497
Yelahanka,"6,122.45",0.02,6268
Yelahanka,"8,644.91",0.02,8851
Yelahanka,"4,784.05",0.02,4898
Yelahanka,"6,225.68",0.02,6374
Yelahanka,"7,269.65",0.02,7443
Yelahanka,"8,538.59",0.02,8742
Yelahanka,"6,779.66",0.02,6941
Yelahanka,"7,147.87",0.02,7318
Yelahanka,"8,147.75",0.02,8342
Yelahanka,"4,851.75",0.02,4967
Electronic City,"7,694.21",0.06,8178
Yelahanka,"7,215.83",0.02,7388
BTM Layout,"6,211.18",0.04,6432
Yelahanka,"8,408.57",0.02,8609
Yelahanka,"9,090.91",0.02,9307
Yelahanka,"6,547.62",0.02,6703
BTM Layout,"19,714.29",0.04,20416
Yelahanka,"5,428.57",0.02,5558
Yelahanka,"5,428.57",0.02,5558
Electronic City,"4,126.09",0.06,4385
Electronic City,"4,124.75",0.06,4384
Yelahanka,"5,429.02",0.02,5558
Yelahanka,"7,936.51",0.02,8125
Yelahanka,"8,231.55",0.02,8427
Yelahanka,"7,687.38",0.02,7870
Electronic City,"3,999.47",0.06,4251
Yelahanka,"8,631.85",0.02,8837
Yelahanka,"8,037.33",0.02,8229
Yelahanka,"8,106.77",0.02,8300
Yelahanka,"7,230.32",0.02,7402
Yelahanka,"5,550.64",0.02,5683
Hebbal,"14,450.87",0.04,15091
HSR Layout,"7,295.55",0.08,7874
Yelahanka,"7,343.95",0.02,7519
Yelahanka,"8,974.36",0.02,9188
Yelahanka,"8,587.48",0.02,8792
Yelahanka,"10,355.82",0.02,10602
Yelahanka,"7,983.82",0.02,8174
Electronic City,"4,142.86",0.06,4403
Yelahanka,"8,071.47",0.02,8264
Yelahanka,"8,290.82",0.02,8488
Yelahanka,"7,665.43",0.02,7848
Yelahanka,"6,171.43",0.02,6318
Yelahanka,"6,411.70",0.02,6564
Yelahanka,"7,607.69",0.02,7789
Electronic City,"6,390.98",0.06,6793
Yelahanka,"7,624.63",0.02,7806
Yelahanka,"4,433.50",0.02,4539
Yelahanka,"6,424.79",0.02,6578
Yelahanka,"8,407.94",0.02,8608
Electronic City,"7,334.43",0.06,7795
Yelahanka,"7,115.79",0.02,7285
Yelahanka,"8,238.85",0.02,8435
Yelahanka,"8,144.10",0.02,8338
Yelahanka,"10,059.08",0.02,10298
Electronic City,"4,155.56",0.06,4417
Yelahanka,"5,424.95",0.02,5554
Electronic City,"4,125.00",0.06,4384
Yelahanka,"6,712.50",0.02,6872
Yelahanka,"5,428.73",0.02,5558
Yelahanka,"4,503.40",0.02,4611
Yelahanka,"8,928.57",0.02,9141
Yelahanka,"6,348.73",0.02,6500
Yelahanka,"6,348.37",0.02,6499
Yelahanka,"7,142.86",0.02,7313
Yelahanka,"7,121.91",0.02,7291
Yelahanka,"8,994.71",0.02,9209
Electronic City,"7,548.84",0.06,8023
Yelahanka,"4,851.75",0.02,4967
Yelahanka,"9,622.96",0.02,9852
Yelahanka,"6,322.02",0.02,6472
Yelahanka,"7,907.22",0.02,8095
Electronic City,"7,339.45",0.06,7801
Yelahanka,"10,169.22",0.02,10411
Yelahanka,"5,884.74",0.02,6025
Yelahanka,"4,800.83",0.02,4915
Yelahanka,"7,505.18",0.02,7684
Yelahanka,"6,253.37",0.02,6402
Yelahanka,"8,239.51",0.02,8436
Yelahanka,"8,417.98",0.02,8618
Yelahanka,"8,365.02",0.02,8564
Yelahanka,"4,455.81",0.02,4562
Yelahanka,"6,093.91",0.02,6239
Electronic City,"4,125.41",0.06,4385
Yelahanka,"5,429.63",0.02,5559
Yelahanka,"6,151.74",0.02,6298
Yelahanka,"6,922.59",0.02,7087
Yelahanka,"9,261.40",0.02,9482
Yelahanka,"4,142.86",0.02,4241
Yelahanka,"5,429.02",0.02,5558
Yelahanka,"6,658.60",0.02,6817
Electronic City,"7,294.83",0.06,7753
Yelahanka,"8,794.68",0.02,9004
Yelahanka,"8,213.24",0.02,8409
Yelahanka,"6,132.40",0.02,6278
Yelahanka,"6,753.25",0.02,6914
Yelahanka,"8,163.27",0.02,8358
Yelahanka,"7,563.03",0.02,7743
Yelahanka,"7,416.33",0.02,7593
Yelahanka,"6,704.49",0.02,6864
Yelahanka,"16,806.72",0.02,17207
Electronic City,"9,327.73",0.06,9914
Yelahanka,"7,147.32",0.02,7317
Yelahanka,"7,440.48",0.02,7618
Yelahanka,"7,680.49",0.02,7863
Yelahanka,"8,163.27",0.02,8358
Yelahanka,"7,545.27",0.02,7725
Electronic City,"4,285.71",0.06,4555
Yelahanka,"7,327.51",0.02,7502
Yelahanka,"7,532.47",0.02,7712
Yelahanka,"5,149.50",0.02,5272
Yelahanka,"3,571.43",0.02,3656
Yelahanka,"6,285.71",0.02,6435
Yelahanka,"19,047.62",0.02,19501
Yelahanka,"6,161.09",0.02,6308
Yelahanka,"7,751.94",0.02,7936
Yelahanka,"6,857.14",0.02,7020
